sentence,sentiment,topic
giáo viên nhiệt tình gần gũi .,2,0
chú trọng phần bài tập và thực hành về mạch .,0,1
thầy dạy tận tâm và nhiệt tình .,2,0
nhìn chung thầy dạy tốt và khá hiền .,2,0
"giảng dễ hiểu , dễ tiếp thu .",2,0
"cô rất nhiệt tình , bài giảng dễ hiểu .",2,0
giảng bài tốt .,2,0
"giảng viên nhiệt tình , giàu kinh nghiệm .",2,0
"giảng viên nhiệt tình , dạy bài kỹ , chi tiết , cập nhật bài giảng liên tục .",2,0
"vui vẻ , truyền đạt tốt .",2,0
"giảng viên không tổ chức buổi gặp sinh viên nào , và cũng không có bài tập , nội dung phần thực hành .",0,0
"cần một giảng viên có nhiệt huyết , tận tâm với lớp hơn .",0,0
"thầy tận tụy , hết mình vì sinh viên .",2,0
cần thêm vài ví dụ cụ thể hơn và có bài tập để rèn luyện .,0,1
"giảng dạy tận tình , lên lớp đầy đủ .",2,0
"không nhiệt tình , không cập nhật slide .",0,0
"cách dạy dễ hiểu , hướng dẫn tận tình .",2,0
"truyền đạt bài học tốt , dễ hiểu .",2,0
thầy khá nhiệt tình .,2,0
khả năng truyền đạt .,1,0
giảng viên truyền đạt kiến thức chưa tốt .,0,0
"nên tăng cường luyện nói trên lớp , hướng dẫn cách nói nhanh lưu loát .",0,1
"cả 3 , 4 buổi thực hành theo hình thức 2 môn này có thầy cô này tham gia hay hướng dẫn buổi nào đâu mà đánh giá , chỉ có mỗi thầy wzjwz43 thôi .",0,3
"giảng dễ hiểu , nhiệt tình .",2,0
nhà trường nên dạy những chuẩn sql mới vì chuẩn sql 92 hiện nay không còn phù hợp với những phiên bản sql mới và nó đã quá cũ rồi .,0,1
giảng viên dạy quá nhanh .,0,0
"thầy vui tính , dạy hay , dễ hiểu .",2,0
"khi giảng thầy chưa chỉ rõ trọng tâm của bài để sinh viên nắm bắt và dễ tiếp thu hơn , giọng thầy còn nhỏ , đều đều .",0,0
"thầy giảng bài hay , hài hước .",2,0
slide cần giải chi tiết các ví dụ để các học sinh không lên lớp được thì có thể hiểu được bài giảng .,0,1
"không nắm được thực lực , bài tập quá sức với sinh viên .",0,0
"cách giảng dạy thoải mái , dễ tiếp thu .",2,0
"hy vọng lần sau thầy dạy sẽ mang đến thêm một số bài tập kèm hướng dẫn để bọn em dễ dàng vận dụng kiến thức mình học hơn , khi thầy giảng xong , có thể bọn em nói bọn em hiểu nhưng bọn em không nhớ lâu được do không có chỗ để bọn em vận dụng , nên cuối cùng đến khi thi bọn em vẫn trả lời rằng bọn em không hiểu .",0,0
"sử dụng từ ngữ không phù hợp , có thái độ phân biệt với một vài sinh viên , thường nói chuyện với các sinh viên nữ .",0,1
cô rất nghiêm túc colonsad .,0,0
"nhiệt tình , giảng dạy có hiệu quả cao .",2,0
"em nghĩ như vậy sẽ tiếp thu bài tốt hơn vì được tiếp thu dần dần , ít rồi thành nhiều dễ tiếp thu hơn là nhiều rồi nhiều và cuối cùng không được gì vì quá nhiều .",0,0
trình bày chi tiết .,2,0
"giảng viên tận tâm , nhiệt tình , lên lớp đúng giờ .",2,0
truyền đạt bài giảng rất tốt .,2,0
"giảng viên nhiệt tình , vui vẻ .",2,0
"thầy dạy dễ hiểu , nhiệt tình , vui tính .",2,0
"hiện tại tốt , không cần điều chỉnh gì thêm .",2,3
"giảng bài tâm huyết , dễ tiếp thu .",2,0
phòng thực hành cần được nâng cấp .,0,2
em chưa gặp thầy lần nào .,1,0
"giáo viên dạy dễ hiểu , hướng dẫn và cho kiểm tra phù hợp với chương trình .",2,0
deadline cho thời gian đủ dài để sinh viên hoàn thành bài tập .,2,1
thầy đôi lúc nói quá nhanh .,0,0
"thầy dạy nghiêm túc , theo dõi sát buổi học .",2,0
"khả năng truyền đạt nội dung học tập chưa cao , chưa nêu rõ ràng nội dung của môn .",0,0
cách truyền tải vấn đề .,1,0
mặc dù giảng viên nói khá nhiều kiến thức trên lớp học nhưng số lượng sinh viên hiểu hết kiến thức cực kỳ ít .,0,0
cô dạy hơi nhanh .,0,0
vui nhiệt tình .,2,0
nên giao chìa khóa phòng thực hành cho trực tiếp giáo viên .,0,1
lên lớp không đầy đủ .,0,0
giảng viên cho học sinh xem thêm nhiều video tiếng anh hay .,2,0
không chỉ phần mềm .,0,3
"dạy không đủ bài giảng có thi , không giúp sinh viên mở rộng các bài tập liên quan đến bài giảng , chỉ dạy y chang theo slide mà không rõ sinh viên đã hiểu chưa .",0,0
nội dung môn học khá khó để tiếp thu .,0,1
"chương trình học khá nặng , quá nhiều kiến thức .",0,1
cần quan tâm tới học sinh của mình hơn .,0,0
nội dung môn học cần rõ ràng hơn nữa để biết môn học học cái gì và khả năng tiếp nhận kiến thức của sinh viên .,0,1
nên có thêm slide cho sinh viên .,0,1
giảng viên cần tăng cường trao đổi nội dung môn học qua website môn học .,0,0
thầy giảng bài đầy đủ .,2,0
"môn này chẳng hỗ trợ it gì cả , nên dạy qua loa thôi để sinh viên tập trung các môn khác !",0,1
phòng lab cần có thêm thiết bị thật để thực hành .,0,2
có những ví dụ thực tiễn .,2,1
sáo rỗng .,0,3
thầy chỉ dạy nhiệt tình .,2,0
có hệ thống bài tập trên moodle .,2,0
"gần gũi , tận tâm , thương sinh viên .",2,0
không thông báo những bữa dạy bù và nghỉ lên daa và moodle .,0,0
"thầy tận tâm , nhiệt tình trong giảng dạy .",2,0
thầy có vẻ quá hiền .,1,0
còn làm ít bài tập .,0,0
cô rất nhiệt tình !,2,0
cho làm nhiều đồ án và bài tập liên quan tới môn học .,2,0
mong giáo viên có thể giảng bài kỹ hơn cho sinh viên .,0,0
"thầy dạy dễ hiểu và khá gần gũi với sinh viên , thầy vui tính và hòa đồng .",2,0
giảng viên rất nhiệt tình và luôn chuẩn bị bài giảng chu đáo .,2,0
dạy kiến thức sát với thực tế .,2,0
cô cung cấp nhiều thông tin thực tế .,2,1
"dạy xúc tích , dễ hiểu .",2,1
thầy tuyệt vời !,2,0
"thầy mời doanh nghiệp về dạy sinh viên , khá thiết thực .",2,0
"em nghĩ cô nên tóm gọn những nội dung phụ , lý thuyết , và đi sâu , tập trung vào trọng tâm hơn cũng như nếu được thì cô hãy nên sử dụng giọng phổ thông để áp dụng vào giảng dạy .",0,0
quá chu đáo nên hay đi lòng vòng vấn đề .,0,0
"giảng kỹ , nhiệt tình .",2,0
giảng viên chu đáo .,2,0
cách truyền đạt của giảng viên làm sinh viên khó tiếp thu .,0,0
"sửa bài tập chi tiết , kỹ càng , đặt ra nhiều vấn đề hay .",2,0
"làm đồ án còn phải thi cuối kỳ lý thuyết , sinh viên có nhiều đồ án trên một kỳ , còn phải thi lý thuyết cuối kỳ .",0,1
cách giảng viên tạo cơ hội cho sinh viên lấy điểm cộng .,2,0
lên lớp ít .,0,0
"nhiệt tình với sinh viên , đảm bảo giờ lên lớp , có hệ thống website môn học dễ sử dụng .",2,0
"cách giảng bài của thầy chưa được tốt còn thiếu sự gây hứng thú học tập cho sinh viên , đề thi môn học quá dài với lượng kiến thức cần có không phải ít khiến sinh viên khó làm bài tốt .",0,1
dạy khá chắc chắn .,2,0
đó là sau khi cô giảng xong một dạng toán thì nên cho ngay một ví dụ .,0,1
giảng viên có tăng cường giải đề các năm .,2,0
còn có một số thiếu hụt nhỏ trong kiến thức nhưng nhìn chung có kiến thức chuyên môn tốt .,2,0
cô sửa nhiều bài tập giúp sinh viên dễ tiếp thu phần lý thuyết .,2,0
cô dạy có tâm .,2,0
"một số lối giảng còn khó hiểu , thiếu đa dạng và thực tiễn .",0,0
"cô vui tính , tận tâm nhiệt tình , có thắc mắc cô đều giải thích rất kỹ và rất sâu .",2,0
cụ thể là phần chấm điểm giữa kỳ .,1,1
thầy nhiệt tình giúp đỡ bọn em và chấm bài cũng không thiên vị .,2,0
anh văn .,1,3
thầy giảng chưa sâu !,0,0
cô rất nhiệt tình khi dạy các em .,2,0
chơi trò chơi .,1,3
thông báo ngày nộp bài tập và báo cáo quá trễ .,0,1
thầy rất nhiệt tình và vui tính .,2,0
nên soạn slide bài giảng kỹ hơn .,0,1
"hi vọng khi truyền đạt một ý nào đó thầy nói ngay vào trọng tâm , tránh mở bài quá dài dòng làm người nghe khó nắm bắt và chọn lọc nội dung .",0,0
dạy hay nhiệt tình .,2,0
"thầy wwzjwz305 rất tốt , rất hiền , tận tâm , nhiệt tình .",2,0
"em thấy giảng viên chưa tạo được hứng thú để cho sinh viên học tập tốt hơn , khi lên lớp học lúc nào sinh viên cũng chán nản và không muốn học .",0,0
"thầy wzjwz94 dạy tốt , nhiệt tình và thân thiện với sinh viên , nếu được cho thầy tiếp tục giảng dạy trong các học kỳ tới .",2,0
thầy vui tính truyền đạt dễ hiểu .,2,0
dạy đúng giờ nhiệt tình .,2,0
"thầy dạy rất hay , dễ hiểu , tận tâm .",2,0
"nếu được , thầy kể thêm truyện ngày xưa vào những lúc giải lao .",1,0
giáo viên hay tới trễ .,0,0
nhưng vẫn chưa nhiệt tình lắm .,0,0
thầy giảng bài rất có tâm huyết .,2,0
đầu tư thêm nhiều thiết bị .,0,0
giảng viên rất tận tâm trong việc giảng dạy .,2,0
phương pháp giảng dạy của giảng viên dễ hiểu giúp sinh viên dễ nắm bắt .,2,0
cho các bài kiểm tra trên lớp rất hay .,2,0
cô dạy không nhiệt tình tuy có đầy đủ bài học .,0,0
giảng viên thường xuyên đến lớp trễ .,0,0
thầy giỏi và nhiệt tình .,2,0
lúc đầu có sai sót kỹ thuật ở mã môn học it006dote12 có hai dấu chấm nên sinh viên không được add vào môn học trong hệ thống moodle nên thầy phải cung cấp tài liệu cho sinh viên qua google site .,0,1
cách dạy của thầy không phù hợp với em nên khiến em khó khăn trong việc tiếp thu .,0,0
"giảng viên dạy tương đối dễ hiểu , vui tính .",2,0
nên bỏ môn học này vì nó không sát với chương trình học .,0,1
mong cô luôn như vậy .,2,0
"giáo viên giảng chậm , kỹ , dễ hiểu .",2,0
máy chiếu bị ảnh hưởng bởi ánh sáng nên xem slide không rõ .,0,2
"thầy giáo nhiệt tình , vui vẻ , tận tình giải đáp thắc mắc cho sinh viên .",2,0
"giảng viên không giải thích gì về bài tập , nếu có giải thích thì chỉ qua loa cho xong .",0,0
nội dung chưa cô động .,0,0
cách truyền đạt kiến thức của giảng viên có hơi khó hiểu .,0,0
"em xin góp ý kiến như thế này , nói không phải là nói xấu thầy nhưng thầy dạy rất nhàm chán , thầy chỉ đọc slide rồi về thôi , không cho ví dụ , không hướng dẫn giải bài tập cho sinh viên .",0,0
"môn nhập môn công nghệ phần mềm trước đây thầy thường bắt seminar cho hết giờ , xong rồi có những câu nói gây mất thiện cảm , thiếu trách nhiệm doubledot "" tuần sau thi giữa kỳ ha , nội dung là phần này ha , mấy em xem lại bài ha , không hiểu thì hỏi bạn ha , chúng ta kết thúc ở đây ha "" .",0,0
giảng viên thường xuyên mang ví dụ và vấn đề thực tiễn vào bài giảng .,2,0
cô dạy tận tâm nhiệt tình .,2,0
giảng viên rất nhiệt tình chỉ dẫn .,2,0
giảng viên hướng dẫn rất nhiệt tình .,2,0
giải thích thắc mắc của sinh viên .,2,0
giảng lý thuyết buồn ngủ .,0,0
nên cho kiểm tra theo dạng hiểu hơn là chỉ làm những bài toán .,0,1
nên chú trọng vào môn học là hướng đối tượng .,0,1
thầy dạy rất nhiều thứ hay bên cạnh những kiến thức cơ bản !,2,0
"mặc dù , có thể cái này sinh viên đang tự hiểu chỉ dùng cho các sắp xếp theo tính thự tự trong các hệ điều hành như về name , size .",1,3
cho nghỉ nhiều buổi .,0,0
đi học vào chủ nhật ở trường đại học thể dục thể thao là điều vô lí .,0,1
"chất lượng âm thanh chưa tốt , còn quá rè .",0,2
cô dạy nhiệt tình với sinh viên .,2,1
thầy dễ gần với sinh viên .,2,0
"thầy rất nhiệt tình với lớp , giải đáp mọi thắc mắc của học sinh .",2,0
em thấy vậy được rồi .,2,3
"thầy dạy kỹ , chi tiết .",2,0
"giảng viên nhiệt tình , tận tâm , chuẩn bị tài liệu đầy đủ .",2,0
thầy cần cho bài tập dễ hơn một chút .,0,0
truyền đạt của thầy hơi khó hiểu .,0,0
cô tính điểm quá trình chưa được tốt .,0,1
"đã đổi mới chương trình đột ngột thì không nên đổi cả ngôn ngữ , vì quá khó đối với sinh viên .",0,1
học thực hành nhiều hơn .,0,1
"tích cực , chuyên cần , giúp đỡ sinh viên tận tâm .",2,0
"không thông báo rõ ràng và đầy đủ quy định cụ thể khi cho sinh viên làm đồ án , đến khi chỉ còn một tháng cuối mới nhận được thông báo không được sử dụng một số thư viện ( sinh viên mail hỏi thì mới nhận được thông báo ) dẫn đến khó khăn cho sinh viên dù đã làm xong đồ án và phải làm lại .",0,0
lớp có một số bạn thi không đậu ở giữa kỳ và được thi lại .,0,1
chương trình còn nặng lý thuyết .,0,1
phòng wzjwz55 thiết bị thường bị trục trặc .,0,2
chưa demo nhiều .,0,1
sự nhiệt tình của giảng viên .,2,0
môn học quá nặng cho một ngành không chuyên toán như công nghệ thông tin .,0,1
"chương trình dạy và kiến thức của thầy cực kỳ tốt , ứng đáp trôi trải với câu hỏi các bạn sinh viên .",2,0
kiểm tra bằng web .,1,3
mong muốn của em đó là làm thế nào để bài giảng của giảng viên vừa đào sâu kiến thức lý thuyết vừa đi vào thực tế luôn .,0,0
giảng viên cũng rất nhiệt tình và quan tâm sinh viên .,2,0
"giáo viên giảng dạy tận tâm , nhiệt tình .",2,0
giảng viên chưa chuẩn bị tốt bài giảng .,0,0
thầy thường xuyên nghỉ .,0,0
bài giảng thiếu sự thu hút .,0,1
"các hoạt động trao đổi , thảo luận trên moodle hầu như không có , rất hạn chế .",2,1
cần dạy nhiều hơn vì khi thực hành chủ yếu sinh viên tự thực hành .,0,1
"nhiệt tình , tỉ mỉ .",2,0
quạt của phòng bị hư nên học hơi bị nóng .,0,2
"đổi phòng thực hành , máy thực hành bị hư rất nhiều .",0,2
"đề nghị trường có biện pháp nâng cấp phòng học vì phòng quá dơ , quá bụi , máy chiếu thì có phòng rất tốt nhưng cũng có phòng quá tệ .",0,2
dù đã kiến nghị riêng vói thầy nhưng thầy không thay đổi một cách linh hoạt giúp sinh viên nắm được lý thuyết dễ dàng hơn .,0,0
hoạt động speaking chưa nhiều .,0,0
"phương pháp dạy trực quan , dễ hiểu , có nhiều hoạt động cho sinh viên .",2,0
"vui vẻ , giảng dạy tích cực .",2,0
thầy dạy hay dễ hiểu !,2,0
tâm sự của một đứa sinh viên bị thầy đánh rớt .,1,0
giảng dạy sinh động giúp sinh viên tiếp thu kiến thức tốt .,2,0
thường về trước giờ tan .,0,0
"mong giảng viên có thể đưa ra thêm nhiều ví dụ hơn , thú vị hơn nữa .",0,0
"chấm điểm thực hành cần xem xét , khó đạt điểm cao .",0,1
"giảng viên tận tình chu đáo , truyền đạt dễ hiểu .",0,0
"vui tính , hài hước pha lẫn trong bài giảng của thầy !",2,0
giúp biết thêm nhiều kiến thức mới .,2,3
"sử dụng thư viện của standford , dùng các câu lệnh trong đó để áp dụng vào việc phân loại văn bản .",2,1
đồ án thực tế quá khó với sinh viên .,0,0
giọng nói .,1,3
"thay vào đó , nếu cô thêm vào thật nhiều ví dụ , thì bài giảng của cô sẽ sinh động hơn nhiều , để chúng em hiểu sâu vấn đề hơn .",0,0
thỉnh thoảng đi hơi trễ .,0,3
ít có tương tác với cô .,0,0
"mỗi bài học , mỗi buổi học thầy đều liên hệ thực tế với các cách thức mà các công ty bên ngoài thường làm .",2,0
cần nhiều bài tập và lời giải chi tiết kèm giáo trình .,0,1
quá khó khăn trong việc giờ giấc và tác phong .,0,0
nội dung bài học và thời gian giảng dạy được đảm bảo .,2,1
không chi tiết nhiều về phần bài tập .,0,3
thầy rất tận tâm và nhiệt tình .,2,0
bài tập khó .,0,1
"bài giảng hay , thiết thực .",2,1
cần cải thiện đề thi thực hành cuối kỳ để sinh viên ở mức trung bình có thể lấy điểm trung bình .,0,1
"phòng học còn bụi và nóng , máy chiếu tuy vẫn nhìn được nhưng như vậy vẫn là mờ , ngồi xa sẽ không thấy .",0,2
"thầy nhiệt tình , năng nổ , vui tính .",2,0
"cô nói nhiều những vấn đề đơn giản không cần giải thích nữa , cô không đảm bảo thời gian dạy trên lớp , hay đến trễ và sinh viên phải chờ .",0,0
nhà trường cần trang bị máy chiếu tốt hơn được không ạ .,0,2
"thầy dạy hay , tận tình , luôn đảm bảo đủ thời gian học tập trên lớp cho học sinh , chuẩn bị slide đẹp sinh động .",2,0
"giảng viên thân thiện , hay quan tâm tới sinh viên .",2,0
cách truyền đạt nội dung rất dễ hiểu .,2,0
nhiệt tình chuyên môn tốt .,2,0
thầy dạy rất vui nhộn colonsmile .,2,0
thầy có phần hơi dễ tính .,0,0
trò chơi sinh động .,2,1
thầy chưa hướng dẫn chi tiết .,0,0
"thầy nên cho về đúng giờ là khoảng 3h30 , thầy toàn cho về khoảng gần 5h , những bạn ở ngoài về tới nhà là tối rồi .",0,0
còn ít bài tập .,0,0
"cô vui vẻ , tận tâm , nhiệt tình giúp đỡ sinh viên .",2,0
"giảng viên lên lớp đúng giờ , đầy đủ .",2,0
"giảng viên thực hành dạy qua loa , không để ý nhiều đến sinh viên .",0,0
đề cương môn học cũng chưa có gây khó khăn trong việc sinh viên có thể chủ động tìm hiểu trước ở nhà .,0,1
là thầy có viết lời giải để học sinh tham khảo .,2,0
"phòng thực hành quá bé , bụi bặm , quạt không quay , đề nghị phòng đào tạo chia ca thực hành nếu không sẽ không đủ chỗ ngồi .",0,2
lâu lâu còn kể chuyện em thấy rất thoải mái không quá nặng nề .,2,0
cần có phương pháp dạy hướng về sinh viên nhiều hơn .,0,0
"giảng viên đứng lớp dạy chưa tròn trách nhiệm , còn hời hợt .",0,0
giảng viên rất nhiệt tình với sinh viên .,2,0
em cảm thấy nó rất hữu ích cho chúng em sau này .,2,1
em nghĩ là môn học này nếu thầy cho làm các đồ án thực tế áp dụng design pattern sẽ hay hơn và giúp chúng em hiểu sâu hơn thi lý thuyết .,0,1
bức xúc vì môn học này .,0,1
"bài học nội dung tốt , sinh động .",2,1
giảng viên đi dạy rất đúng giờ .,2,0
vui tính .,2,0
"cách giảng dạy , các hoạt động được tổ chức trong giờ học của giáo viên .",1,0
"giảng viên nên cập nhật mới tài liệu , ví dụ video học tập hay bài giảng chẳng hạn .",0,0
"thầy toàn dạy slide tiếng anh , đôi lúc thầy đọc mà có khi thầy còn không hiểu chứ huống chi sinh viên .",0,0
"em không học lớp này , không hiểu sao trong danh sách khảo sát của em lại có lớp này với giảng viên này .",0,3
giọng thầy rất khó nghe .,0,0
"thầy hiền , tận tình .",2,0
"nhiều khi hỏi giảng viên mà giảng viên phải lại coi cái đề , coi xong rồi còn nói "" chắc là cái này "" , "" em cứ thử đi "" .",0,0
"giảng dạy và hướng dẫn bài tập cần cụ thể hơn , cần có tài liệu trên website môn học .",2,0
quá đúng giờ .,0,0
giáo viên hơi hiền với lớp nên lớp luôn ồn ào và không tập trung .,0,0
thầy dạy vô cùng nhiệt tình .,2,0
"nhiệt tình , hiểu ý học sinh .",2,0
"cần cung cấp thêm nhiều tài liệu , cả tiếng việt lẫn tiếng anh .",0,1
"hơn nữa , buổi thứ 2 nếu các nhóm làm chung buổi 1 nghỉ dẫn tới tình trạng không có người hợp tác .",0,3
thầy cũng tâm lý với sinh viên tụi em nữa ạ .,2,0
có tính thực tiễn .,2,3
dạy buồn ngủ !,0,0
cô dạy quá nhanh sinh viên không kịp tiếp thu !,0,0
"giảng viên phát âm tiếng anh sai nhiều , rất khó nghe .",0,0
môn này không có giảng dạy .,0,1
giảng bài dễ hiểu và vui tính .,2,0
slide đầy đủ .,2,1
môn quan trọng mà có 3 tiết là hơi ít .,0,1
nếu được em kiến nghị là muốn giảm số lượng tiết trong một buổi học 4 tiết thành 3 tiết được rồi !,0,1
"phương pháp dạy hay , kết hợp nhiều hoạt động nhóm trong giờ học nên tạo hứng thú cho học viên .",2,0
"thầy vui tính , giảng rất thuyết phục .",2,0
không nhàm chán .,2,3
"đề nghị trường xem xét lại nội dung đề thi cho phù hợp với thời lượng , bài nghe không rõ ràng gây nhiều khó khăn cho sinh viên .",0,1
giáo viên chưa chủ động giảng dạy khi lên lớp .,0,0
cảm ơn !,1,0
cung cấp đầy đủ thông tin của môn học vào đầu kỳ .,2,0
thiếu tương tác với sinh viên .,0,0
cần đặt câu hỏi cho sinh viên trong khi giảng dạy và thêm vào điểm cộng nếu sinh viên trả lời được .,0,0
"giảng viên dạy dễ hiểu , tận tâm .",2,0
"thưa , cô luôn đưa ra những bài tập mang tính thực tiễn rất cao giúp cho những bài giảng vốn mang tính lý thuyết dài dòng không nhàm chán .",2,0
"giảng viên yêu cầu quá nhiều về việc hoàn thiện đồ án môn học , việc chấm chéo đồ án giữa các nhóm không hợp lý và không cần thiết .",0,0
"cách dạy rất sáng tạo , hy vọng được học nhiều môn khác với thầy .",2,0
nhiều lúc em lên phòng và thấy lớp khác đang học khiến em hơi bối rối .,0,3
nội dung ôn tập mà giảng viên cung cấp đầy đủ và đáp ứng được cho sinh viên hoàn thành các kỳ thi .,1,1
cô đi sớm về muộn .,2,0
cho bài tập và ví dụ .,1,0
cần cải tiến cách học và cần cho sinh viên được thực hành và tiếp xúc với các công nghệ bảo mật nhiều hơn để sinh viên có thể vận dụng kiến thức đã học của mình .,0,1
lớp cô dạy rất vui .,2,0
cần thống nhất nội dung học giữa lý thuyết và thực hành .,0,1
"nhà trường nên cho sinh viên biết cụ thể nội dung , mục đích môn học ngay từ để giúp sinh viên hiểu rõ hơn về môn học sắp tới .",0,1
"dạy nhanh , ngắn gọn , hiệu quả .",2,0
"chân tình giảng dạy , tận tình với sinh viên .",2,0
phương pháp truyền đạt kiến thức tới sinh viên chưa được hiệu quả .,0,0
hình thức thi đề đóng không phù hợp với môn học .,0,1
"giảng viên tận tâm , nhiệt tình trong công tác giảng dạy .",2,0
"thầy dạy dễ hiểu , nhiệt tình với sinh viên .",2,0
"giảng viên dạy sai kiến thức về fork , giải thuật round robin , bài tập về chiến lược placement .",0,0
cô rất nhiệt huyết và tận tâm với công việc .,2,0
thầy nên hướng dẫn sinh viên thực hành thay vì ngồi im như giám thị gác thi thực hành .,0,0
hướng dẫn tận tình !,2,0
giảng viên cần giảng giải các slide chậm lại và giải kỹ các ví dụ cơ bản .,0,0
"tận tình giúp đỡ học sinh , thầy dạy nhiệt huyết .",2,0
cho sinh viên biết điểm thi giữa kỳ và điểm thi speaking ngay khi có thể .,0,1
việc lên lớp và không lên lớp không có khác biệt .,1,1
phải thực hành nhiều hơn nữa .,0,1
"thầy rất nhiệt tình , giảng thì dễ hiểu .",2,0
giáo viên giảng dạy trực quan dễ hiểu .,2,0
chưa tận dụng thời gian hiệu quả .,0,0
nhất thiết phải đảm bảo yêu cầu về cơ sở vật chất phù hợp với môn học .,0,2
thầy tương tác nhiều với sinh viên .,2,0
"cần thêm thiết bị để làm các bài tập thực hành về ảo hóa , quản trị .",0,2
"thầy thực hành vào lớp đúng một buổi , chưa đầy 2 tiết và chỉ để giao lưu , trao đổi .",0,0
một số phòng thì quạt đã bị hỏng .,0,2
tăng cường những tiết làm bài tập và phân tích về thực tiễn hơn .,0,1
i love teacher x .,2,0
"phương pháp giảng dạy và cách tiếp cận với sinh viên rất tư nhiên , không gò bó .",2,0
"kiến thức rất nhiều , thời giang giảng dạy hơi ít .",0,0
"phần thực hành còn sơ sài , chưa hỗ trợ tốt cho lý thuyết .",0,1
"cô nhiệt tình quá nên nhiều cái cô giảng đi giảng lại buồn ngủ quá , mà tốn thời gian nữa , nhiều bạn vẫn chưa hiểu thì nên về nhà tự học thêm chứ cô giảng kỹ quá đâm ra dư thừa .",0,0
cập nhật chương trình học .,0,1
"cô dạy khá nhiệt tình , tuy nhiên lý thuyết dạy cô còn hay nhầm lần , làm sinh viên mơ hồ .",0,0
"thầy nhiệt tình , ví dụ hay .",2,0
"đề cương hiện tại thầy ra khá là mù mờ , rất tốn thời gian để xác định ý nghĩa thực sự của câu hỏi .",0,0
"cô là người dạy hay nhất , nhiệt tình nhất , tận tâm vì sinh viên nhất mà mình từng biết .",2,0
"giảng viên dạy không hay , đề tài cô đưa ra không hấp dẫn .",0,0
thầy wzjwz114 nên quan tâm tất cả học sinh hơn chút nữa !,0,0
"môn học được xếp vào phòng có máy chiếu bị hỏng phòng wzjwz66 , mong trường nhanh chóng giải quyết !",0,2
"cô dạy nhiệt tình , dễ hiểu , dễ thương !",2,0
"mỗi một vấn đề nhiều người sẽ hiểu nhiều cách khác nhau , có thể sinh viên chưa hiểu sẽ tìm ra một cách hiểu theo một mặt khác của giáo viên .",1,0
"mong ban quản lý cơ sở ý kiến giúp chúng em , em xin cảm ơn !",1,2
"giảng viên nhiệt tình , cho tập bóng nhiều .",2,0
hy vọng sẽ có thầy cô khác dạy .,0,0
bài tập thực hành không có sức lôi cuốn sinh viên phải thực hiện .,0,1
"giảng viên vui tính , tận tình chỉ bảo .",2,0
đảm bảo đúng thời gian lên lớp !,2,0
sử dụng trang thiết bị hiệu quả cho quá trình học tập .,2,2
lượng kiến thức cần học quá dài và khó tiếp thu .,0,1
"bài giảng từng phần có bài tập , ví dụ cụ thể dễ hiểu , để nắm được kiến thức .",2,1
"những đồ án thầy cho deadline được đòi hỏi quá nhiều , học thầy căng thẳng , thầy ít khi vui vẻ trong giờ học .",0,0
chưa làm rõ nội dung giảng dạy nên có một số phần hơi khó tiếp thu .,0,0
"cô không nên nhắc đi nhắc lại một nội dung quá ba lần  làm cho những bạn hiểu rồi nghe đi nghe lại cảm thấy buồn ngủ , mà chưa chắc những bạn chưa hiểu có nghe hay không .",0,0
"nhiệt tình , tâm huyết , báo sát nội dung môn học , hết lòng hỗ trợ sinh viên .",2,0
"tuy nhiên cách truyền đạt của thầy vẫn chưa dễ hiểu lắm , nên nói ít lý thuyết hơn .",0,0
"giảng viên giảng dạy hài hước , giờ làm bài tập nhiều nên nắm kiến thức vững hơn .",2,0
"kiến thức uyên thâm , tầm hiểu biết sâu rộng .",2,0
sinh động .,2,3
học có 3 buổi thôi nhưng em không thể đi buổi nào được vì trùng với lịch môn wzjwz149 .,0,1
"thầy giáo nhiệt tình , thân thiện , truyền đạt tốt .",2,0
"dạy hay , tận tâm .",2,0
"thầy dạy hay , động viên mọi người cùng học thêm những điều mới , cải thiện bản thân .",2,0
"bài giảng hấp dẫn , gần gũi thực tế .",2,1
giảng viên .,1,0
cả kỳ học được có 5 - 6 buổi .,0,1
sẵn sàng giúp đỡ sinh viên .,2,0
"đồ án khó , liên quan tới nhiều nội dung chưa được học .",0,1
hơn là những thuật toán của những môn trước .,1,1
"bên cạnh nội dung môn học , thầy còn chia sẻ nhiều vấn đề hay liên quan đến lĩnh vực công nghệ thông tin .",2,0
thầy bắt chơi hết game không để mất máu thì khó quá .,0,0
nhưng em chỉ không hài lòng về chương trình học theo outcome thôi ạ .,0,1
"giáo viên cần mẫn , hay có câu hỏi "" hay "" .",2,0
cô dạy hơi chán .,0,0
"phương pháp giảng dạy của thầy giúp sinh viên chủ động doubledot có các bài tập trên lớp , làm việc theo nhóm .",0,0
cô rất nhiệt tình với sinh viên .,2,0
"tạo group lớp để thảo luận , giải đáp các thắc mắc rất hiệu quả và tốt !",0,1
giảng viên tốt về mọi mặt .,2,0
nên tập trung vào chuyên môn trong mỗi buổi dạy .,0,1
giảng viên rất nhiệt tình và thân thiện .,2,0
không có thực hành môn này .,0,1
nửa đầu tiên hơi có sự chênh lệch kiến thức dạy học giữa lớp sáng và chiều .,0,1
giải bài cần chi tiết hơn .,0,0
"vậy em mong nhà trường giải quyết giúp em , một là không để điểm tổng kết vào học kỳ này , hai là cố gắng sắp xếp giáo viên nào có khả năng đảm bảo giờ lên lớp giúp em .",0,0
thầy có cập nhật slide bổ sung đầy đủ và hướng dẫn sinh viên học tập bằng cách đọc ebook nhiều hơn .,2,0
giảng khá dài dòng và khó hiểu .,0,0
em thấy đã được .,1,3
các bài lab chưa có ứng dụng thực tiễn .,0,1
"vâng , may thay có một bạn đã trả lời được những gì thầy đưa ra , và thế là bạn kia rớt .",0,3
"giọng thầy rất hay , khả năng truyền đạt rất tốt .",2,0
cô rất chú ý nghe câu hỏi sinh viên và nhiệt tình giải đáp .,2,0
"giảng viên chưa truyền đạt bài giảng một cách liền mạch , còn lúng túng .",0,0
"giáo viên truyền đạt dễ hiểu , tận tình .",2,0
cô rất thân thiện và cung cấp đủ kiến thức đề thi các kỳ thi doubledot toeic và kỳ thi của trường .,2,0
phòng máy cần được nâng cấp nhiều máy không hoạt động được .,0,2
"giáo viên gạy có tâm , học sinh tiêp thu nhanh , dễ hiểu .",2,0
làm sinh viên không thoải mái học tập .,0,1
chấm điểm khó .,0,0
cần có những bài tập cụ thể cho từng tuần .,0,1
"sinh viên đã chọn ngành , chuyên ngành rồi mới học giới thiệu ngành .",0,1
"thầy chỉ rất tận tâm , nhiệt tình , giảng lý thuyết rất ổn .",2,0
nhiệt tình và kỹ lưỡng .,2,0
"giọng nói của thầy có tính ổn định quá cao , cần phải bổ sung thêm các xung trầm bổng để không gây buồn ngủ ạ .",0,0
thầy cũng rất hay chỉ dẫn mỗi khi có thắc mắc và thầy cũng chịu khó giảng lại nguyên chương chỉ vì cả lớp chưa hiểu lắm .,2,0
giờ lên lớp ít .,0,0
cách giảng bài hay .,2,0
"chú trọng vào thực tế hơn lý thuyết , tăng sự thích thú cho học sinh .",2,1
"giảng viên dễ tính , khá nhiệt tình , thân thiện .",2,0
"thầy nên cho nhiều ví dụ bên ngoài , sinh động hơn , giúp sinh viên thảo luận nhiều hơn .",0,0
"thầy tận tâm nhiệt tình , diễn đạt trình bày hay .",2,0
"thầy tận tình , dạy dễ hiểu .",2,0
nếu có thì cũng xin xem lại chất lượng môn này .,0,1
"giảng viên có kiến thúc chuyên môn và kiến thức chung rất tốt , tài năng , giỏi ngoại ngữ , hiền lành , gần gũi với sinh viên .",2,0
"thầy dạy rất vui vẻ , gần gũi với học sinh .",2,0
assignments given at home are good .,2,3
thầy nghiêm khắc nhưng rất nhiệt tình !,2,0
"tiếp cận được phương pháp học tiếng anh hoàn toàn mới so với lúc còn học cấp 2 , 3 .",2,1
thầy dạy kiến thức đủ để em làm bài thi hiểu về giải tích 2 và đạt được kết quả tốt trong kỳ thi .,2,0
"dạy dễ hiểu , kỹ càng .",2,0
mong thầy dạy nhiều môn hơn nữa .,0,0
máy chiếu rất mờ .,0,2
đảm bảo đúng thời gian lên lớp của giảng viên !,2,0
mong trường xem lại phương pháp dạy của thầy .,0,0
copy code từ cái slide quăng vào visual để chờ thầy chấm điểm cho cao .,0,0
không đến lớp làm sinh viên đi học rồi phải tự đi về .,0,0
giảng viên phải giảng kỹ về những công thức và không nên cho làm bài tập một cách khuôn khổ không có sáng tạo .,0,0
cần tăng cường chất lượng phòng máy .,0,2
dạy hơi lâu về kiến thức .,0,0
"thầy dạy rất tận tình , chu đáo , cách dạy phù hợp với môn học , không yêu cầu sinh viên phải ràng buộc kiến thức , phải tự tìm tòi học hỏi .",2,0
trường mình rất may mắn có một người thầy như vầy .,2,0
"đây là một môn khó , do đó cần liên hệ với thực tiễn để sinh viên có thể hiểu rõ ý nghĩa của môn học .",0,1
"trong buổi học thầy hay nói lan man nhiều chủ đề khác , tuy thu hút được sự tập trung và chú ý của sinh viên nhưng thường không liên quan hoặc ít liên quan đến môn học .",0,0
"nhiệt tình và tận tâm với học sinh , giảng bài rất dễ hiểu .",2,0
thực hành quá khó hầu như chưa sinh viên nào có kinh nghiệm lại đi cho một dự án rồi tự sinh viên làm thử hỏi sao sinh viên có thể làm được .,0,1
"chủ yếu là đọc slide , đôi khi gây khó hiểu , nhàm chán mặc dù thầy dạy rất tận tâm .",0,0
hiền hậu .,2,0
"dạy tận tình , dễ hiểu .",2,0
giáo viên nhiệt tình vui vẻ .,2,0
"ít tương tác với sinh viên khi dạy , không thông báo cụ thể đồ án phải làm những gì , không thông báo ngày báo cáo cũng như hỏi han tiến độ đồ án .",0,0
thày rất nhiệt tình trong giảng dạy và hướng dẫn sinh viên .,2,0
"thầy giảng hay và rất nhiệt tình với học sinh , thân thiện .",2,0
"thầy giảng bài kỹ , chi tiết .",2,0
"giảng viên dạy , giải đáp nhiệt tình cho sinh viên .",2,0
thầy vô cùng nhiệt tình .,2,0
"giảng cụ thể , rõ ràng .",2,0
"cần có bài tập nhóm , trên lớp hoặc về nhà .",2,1
"nhiệt tình , dễ gần , hình thức giảng dạy dễ hiểu .",2,0
dạy lướt nhanh lý thuyết .,0,0
em thật sự không nắm được nội dung và yêu cầu của môn học .,0,3
"môn này cần tăng lên 4 tín chỉ thay vì là 3 vì mạng truyền thông và di động có kiến thức khá rộng , môn này không có thực hành nên có thực hành vì mạng di động mà không thực hành thì khá trừu tượng .",0,1
chất lượng đào tạo tốt !,2,1
nội dung thầy dạy bị rời rạc .,0,0
cần tăng cường giảng giải lý thuyết .,0,1
thầy giảng bài rất dễ hiểu và bài tập thầy giảng rất kỹ !,2,0
các bài thực hành theo ý kiến chủ quan của sinh viên thì hơi quá khó nhất là 1 - 2 bài gần cuối .,0,1
"giải thích rõ nội dung của mỗi bài trước khi thực hành , giải đáp các thắc mắc của sinh viên trong quá trình thực hành .",2,0
có sự định hướng và cập nhật thông tin cho sinh viên .,2,0
thầy có kiến thức rất rộng và dạy nhiều kiến thức hay .,2,0
"giảng viên nói suông lý thuyết , không có minh hoạ cụ thể trực tiếp .",0,0
"thầy dạy dễ hiểu , phong thái mỹ colonsmile .",2,0
tận tình trong việc giảng dạy .,2,0
"thầy nên phân 2 - 3 nhóm làm chung đề tài seminar , như vậy những buổi seminar sẽ có phản biện và trở nên thú vị hơn .",0,0
"hướng dẫn sinh viên tiếp cận được nhiều kỹ năng của bộ môn , cho nhiều bài tập , chỉ nhiều trang web , sách để hỗ trợ cho phần học tốt .",2,0
"thầy giảng bài tốt , bài thực hành em làm không sót bài nào .",2,0
"giáo viên giảng dạy nhiệt tình , tận tâm .",2,0
nên hướng dẫn các bài tập thực hành trước khi cho sinh viên làm .,0,0
chưa tận dụng tốt thời gian lên lớp .,0,0
nên bỏ hoặc là tâm huyết với seminar thì tốt hơn .,0,1
"môn thực hành này , về kiến thức , học tập , chủ yếu là em trao đổi với bạn học và với giáo viên lý thuyết cô wzjwz152 .",1,1
"tận tâm , nhiệt tình , vui tính , bài giảng ngắn gọn , dễ hiểu .",2,0
"tính cách của thầy hoàn toàn chẳng ra một người thầy học cao , từng đi du học gì hết .",0,0
kiểm tra vở bài tập .,0,0
"thầy dạy hay , dễ hiểu , kiến thức ngoài lề rất bổ ích .",2,0
hy vọng thầy cho nhiều bài tập hơn .,0,0
giảng viên dạy tương đối dễ hiểu .,2,0
tâm huyết với bài giảng .,2,0
đảm bảo giờ giấc lên lớp cũng như số lượng bài tập về nhà .,2,0
tuy năm 3 - 4 nhưng nhiều bạn vẫn chưa biết cách báo cáo đồ án như thế nào là hợp lý và hiệu quả nhất .,0,3
nâng cấp trang thiết bị phòng học doubledot máy chiếu và quạt .,0,2
dạy khá tốt .,2,0
"cô nhiệt tình , tận tâm .",2,0
"thầy vui vẻ , dễ gần , nhiệt tình , có những đồ án hay .",2,0
"giảng viên cần quan tâm đến sinh viên nhiều hơn nữa , lớp học đông giảng viên chưa quan tâm nhiệt tình .",0,0
"tuyệt vời , thầy rất tận tâm , đến giờ rất đúng chính xác đên từng phút , giảng bài rất kỹ , khi sinh viên nhờ thầy giảng lại thầy sẵn sàng giảng và giúp đỡ tận tình .",2,0
cần phân bổ số lượng bài tập phù hợp với nội dung lý thuyết .,0,1
"cuối kỳ , không cần ôn tập vẫn có thể nhớ rất nhiều kiến thức .",2,3
"thầy dạy rất kỹ , chú trọng từng chi tiết .",2,0
sinh viên có thể hiểu bài và áp dụng vào bài tập .,2,3
"trên lớp cô dạy kỹ lưỡng , giảng bài dễ hiểu .",2,0
không đồng ý với việc thi lập trình trên giấy .,0,1
thầy gần gũi với học sinh .,2,0
nên cập nhật những nội dung mới vào môn học .,0,1
"thầy dạy nhiệt tình , giọng nói hay cuốn hút .",2,0
tận tâm !,2,0
"giảng viên thường xuyên khích lệ sinh viên cố gắng trau dồi , cải thiện nhiều kỹ năng cần thiết .",2,0
giảng viên giảng bài khó hiểu nên sinh viên tự học là chính .,0,0
"thầy nói nhiều , làm việc hơi thiếu chuyên nghiệp , cho học quá nhiều quá lâu dưới trời nắng nóng , tập luyện quá sức , mong thầy giảm bớt thời lượng học lại ạ .",0,0
"thầy rất sôi nổi trong giảng dạy , em rất thích phong cách dạy của thầy .",2,0
"không hài lòng , dạy cái gì cũng sơ sài , sinh viên hỏi sâu vô thì không biết , lảng tránh vấn đề .",0,0
"không đảm bào giờ học trên lớp , sinh viên hỏi trả lời không thỏa mãn theo yêu cầu .",0,1
em không hài với phương pháp dạy của thầy .,0,0
cần thêm code demo hướng dẫn phương pháp .,0,1
sinh viên hoàn toàn tự học .,2,1
quá mất thời gian cho những buổi thực hành đầu tiên .,0,0
giảng viên cần bồi bổ thêm sức khỏe colonsmile .,0,3
"dạy hay , hiệu quả .",2,0
đôi khi diễn đạt khó hiểu .,0,0
thầy có khả năng truyền đạt kiến thức tốt .,2,0
"giáo viên dạy rất hay , tâm huyết .",2,0
có demo trên máy tính khi giảng dạy giúp sinh viên dễ hiểu .,2,0
"giảng khó hiểu , không có tâm .",0,0
"giáo viên giảng dạy không hề dễ hiểu , không truyền đạt được kiến thức .",0,0
cho bài tập mỗi tuần .,1,0
một số giáo viên lướt bài qua nhanh và có những phần chưa học tới .,0,0
thầy dạy nhiệt huyết và truyền đạt tất cả những gì thầy biết .,2,0
"tích cực , nhiệt tình giảng dạy .",2,0
hơi khó hiểu ạ .,0,0
thêm thời lượng môn học .,0,1
thầy wzjwz247 đôi lúc nhìn hơi bị bí hiểm em cảm thấy sợ vì điều này .,0,0
thầy vui tính và nhiệt tình .,2,0
cách dạy hơi nhanh .,0,0
khả năng nói tiếng anh tốt .,2,3
"thầy dạy rất hay , nhiệt tình và dễ hiểu .",2,0
giảng viên rất gần gũi và giúp đỡ sinh viên .,2,0
"cần giảng kỹ hơn phần lý thuyết , đi sâu chậm hơn một chút .",0,0
kiến thức còn kỳ kỳ .,0,1
sắp xếp thời gian nghĩ và dạy bù tốt .,2,0
cô dạy hơi nhanh về ngữ pháp .,0,0
"bởi học kỳ này tiết học thực hành của môn học bị trễ nhiều tuần , giảng viên thực hành phải đắp giờ học bù và bài tập nhiều hơn dự kiến .",0,1
thầy wzjwz313 dạy rất nhiệt tình còn thầy wzjwz314 chưa giảng giải kỹ lắm và một số thao tác của thầy wzjwz314 còn hơi nâng cao với tụi em .,0,0
"cô dạy hơi khó hiểu , dạy nhanh .",0,0
"thầy rất nhiệt tình nhưng nhiều lúc giải bài tập hơi nhanh , đối với em thấy vậy .",0,0
"tiết học vui nhộn , thú vị tạo cảm giác thoải mái khi học tập .",2,1
nên thống nhất hình thức thi thực hành của môn học .,0,1
"tiết học thiếu không khí vui tươi , nhiệt tình từ sinh viên .",0,1
"dễ hiểu , dễ tiếp thu .",2,0
em mong muốn sẽ cho sinh viên được thực hành nhiều hơn để có thể áp dụng những kiến thức trong học tập vào đời sống hằng ngày .,0,1
"giảng dạy tỉ mỉ , tận tình .",2,0
"mong khi lên lớp thầy tập trung vào môn học hơn , không đưa ra những ví dụ lạc đề và những chuyện không liên quan trong giờ học .",0,0
"rất chăm lo cho sinh viên , nhiệt tình .",2,0
"cần có các phần mềm , thiết bị mô phỏng những bài lý thuyết đã học để sinh viên có được một cái nhìn trực quan , sinh động và dễ hiểu hơn .",0,2
thầy cứ mặc định học sinh thông minh .,0,0
nâng cao cơ sở vật chất .,0,2
lý thuyết đi nhanh làm tụi em hiểu bài dựa trên ví dụ .,0,1
cách tính điểm chưa công bằng cho các thành viên trong nhóm đồ án .,0,1
"vì phòng học lớn , chất lượng không hiệu quả .",2,2
thà sinh viên ở nhà tự thực hành vui hơn .,0,1
"khó tiếp thu , trình bày quá nhanh không kịp nghe .",0,0
cô wzjwz45 dạy hay !,2,0
nên tăng thêm nguồn tài liệu cho sinh viên tiếp cận .,0,1
chỉ giải đáp thắc mắc cho một bạn mà không nói cho các bạn xung quanh biết về thắc mắc đó .,2,0
biết thêm nhiều thông tin bổ ích .,2,3
nâng cao chất lượng cơ sở vật chất .,0,2
"em có phản ánh thế này doubledot thực hành là học cách tuần , trong khi đó thì bài thực hành mỗi tuần mỗi khác .",0,1
lịch học bù đôi khi cập nhật trễ .,0,1
"truyền đạt chưa mạch lạc , rõ ràng , đôi khi còn nhầm lẫn .",0,0
"giảng viên lý thuyết giảng bài không được hay , dễ gây buồn ngủ , không có gì đặc biệt ngoài việc chỉ toàn đọc lý thuyết từ trong slide ra .",0,0
giảng dạy hơi nhanh .,0,0
nâng cao chất lượng phòng học và các trang thiết bị hỗ trợ .,0,2
"đôi khi còn khô cứng , hay giảng dạy thuật toán qua code .",0,0
dễ gây buồn ngủ .,0,0
"rất tận tâm và nhiệt tình trong công việc giảng dạy , em rất ấn tượng với cô .",2,0
em nghĩ nên có giờ giao tiếp bằng tiếng anh riêng cho sinh viên để cải thiện được khả năng giao tiếp của sinh viên .,0,1
"em không hài lòng về thời gian lên lớp đúng giờ của thầy , sau đợt học quân đội mấy tuần liền sinh viên bọn em tới học rồi chờ hơn 1 tiếng rồi về .",0,0
"thầy giảng bài rất chi tiết , rất tận tâm !",2,0
"cô xinh , dạy có tâm , thương học sinh .",2,0
có thể hai thầy chưa nhất quán được nội dung phần thực hành .,0,1
thầy trẻ mới ra trường nên rất nhiệt tình .,2,0
thầy dạy nhiệt tình có nhiều tiết bài tập cho sinh viên .,2,0
"cách dạy rất buồn ngủ , không tạo được hung thú cho sinh viên .",0,0
"nên khuyến khích mấy môn khác đều như môn này , thầy có đọc được ý kiến này thì thầy nói mấy thầy trong khoa cứ cho đồ án sinh viên làm , khỏi làm mấy bài lab chi cả , chán òm mà có hiểu được gì đâu .",0,0
"nhưng đổi lại khi được học với thầy thì lại là cảm giác khác , áp lực , thiếu tự tin , mệt mỏi , sau mỗi buổi học là một cơn đau đầu kéo dài .",0,0
dạy khá là nhiệt tình .,2,0
"rồi trong thời gian sinh viên báo cáo thì không lắng nghe và góp ý , mà hỏi những câu ví dụ như doubledot "" chỉ có vậy thôi hả ? còn gì nữa không ? dotdotdot "" .",0,0
thầy dạy hay kêu sinh viên uống bia !,0,0
"nói khó nghe , diễn đạt khó hiểu .",0,0
giảng viên cần chú ý nhiều vào phân bổ thời lượng giảng dạy .,0,0
"phòng thực hành có rất nhiều máy bị hư hỏng , chúng em không thể sử dụng chuột được , visual thì phiên bản cũ quá , không còn phù hợp cho học tập nữa .",0,2
thầy đọc slide nhiều hơn là giảng .,0,0
giáo viên thường xuyên luyện kỹ năng nghe và nói .,2,0
lo lắng cho học sinh .,2,0
giáo viên cho xem các bộ phim tiếng anh giúp trau dồi kỹ năng nghe rất hữu ích .,2,0
"chất lượng môn học khá tốt , giảng viên truyền đạt cho sinh viên nhiều kỹ năng có ích , phòng máy đảm bảo về số lượng máy cho sinh viên .",2,3
"thầy dạy hay , dễ hiễu .",2,0
"giảng dạy tận tình , đầy nhiệt huyết .",2,0
tài liệu chính thức của trường chưa có .,0,1
cần cung cấp nhiều tài liệu .,0,0
giảng viên vui tính .,2,0
thầy rất quan tâm đến sinh viên .,2,0
"giảng dễ hiểu , nội dung đầy đủ .",2,0
"thầy quá thụ động , ít ra là người thầy phải năng động chứ .",0,0
chú tâm đến sinh viên .,2,0
"cô dễ thương , dạy dễ hiểu , nhiệt tình với học sinh .",2,1
đã rất tốt .,2,3
"thầy dạy khá hay và dễ hiểu , em rất hài lòng về môn học do thầy wzjwz115 dạy , em xin cảm ơn .",2,0
số lượng sinh viên nên giảm xuống khoảng 10 người fraction lớp .,0,1
giọng nói nhỏ nhưng giảng viên không chịu sử dụng micro làm khó nghe hơn .,0,0
"thầy giáo thân thiện , giảng dạy nhiệt tình , khá dễ hiểu .",2,0
nói quá nhanh !,0,0
"giảng hay , giảng viên vui tính , nhiệt tình .",2,0
đồ án lập trình cần giao ngay đầu học kỳ để sinh viên có thể sắp xếp đầu tư .,0,1
"giảng viên thoải mái , giảng dạy tận tâm .",2,0
giảng bài vài giải bài quá nhanh .,0,0
nghỉ học quá nhiều .,0,0
không được luyện tập nhiều về các kỹ năng .,0,1
"giảng viên gợi ý , định hướng cho sinh viên từ đồ án chuyên ngành đến khoá luận tốt nghiệp .",2,0
chưa tương tác tốt với sinh viên qua e-mail .,0,0
"rất nhiệt tình vì học sinh , giảng dạy rất hay và hiệu quả .",2,0
ít nhiệt tình trong việc hỗ trợ sinh viên làm đồ án .,0,0
cô thường xuyên lên lớp muộn khiến học sinh phải đợi cô .,0,0
triệu like cho thầy !,2,0
"lên lớp trễ , nghỉ không thấy thông báo .",0,0
"để cải tiến chất lượng môn học , em hi vọng nhà trường tăng thời lượng cho môn này , vì thực sự môn này còn nhiều vấn đề nhưng không đủ thời gian để dạy .",0,1
đề nghị thầy đừng nghỉ nhiều quá mất bài của chúng em .,0,2
"bài tập đa dạng , mức độ khó dễ khác nhau .",2,1
thầy chỉ hướng dẫn cách làm bài mặc dù sinh viên không hiểu bản chất của vấn đề .,0,0
số lượng buổi học hơi ít so với nội dung thực hành .,0,1
thầy dạy chán chưa thu hút học sinh .,0,0
thu hút sinh viên .,2,0
"trình độ chuyên môn cao , quan tâm nhiều đến sinh viên .",2,0
cung cấp đủ tài liệu để sinh viên tự nghiên cứu .,2,0
"thầy giáo sôi nổi truyền đạt kiến thức tốt , gần gũi với học sinh , vui vẻ .",2,0
"cô sẵn sàng giải đáp mọi thắc mắc nhanh nhất có thể , luôn tìm hiểu kỹ nội dung để có thể dạy tốt nhất .",2,0
"em thấy bất cập là khi giải bài trên bảng ở giảng đường 1 , khoảng cách thì xa trong khi chữ viết của sinh viên lại rất mờ và nhỏ , khó có thể thấy rõ .",0,2
"dạy dễ hiểu , học sinh tiếp thu tốt .",2,0
tận tình của giáo viên .,2,0
bài tập về nhà mức hơi khó .,0,1
cần giáo trình và bài tập .,0,1
chu đáo nhiệt tình .,2,0
thái độ giảng dạy của giáo viên khá tốt .,2,0
mọi thứ .,1,3
thầy dạy chủ yếu chứng minh công thức có sẵn nên hay mất thời gian và không đưa ra trọng tâm cho sinh viên học !,0,0
không đảm bảo giờ giấc lên lớp .,0,0
"giảng viên nhiệt tình , tận tâm với công việc .",2,0
nên cung cấp cho sinh viên nhiều kiến thức thực tế qua các bài tập và thực hành .,0,1
"nhiệt tình dạy dễ hiểu , thân thiện hài hước .",2,0
giảng viên dạy rất chi tiết và nhiệt tình dành nhiều thời gian giải thích thắc mắc cho sinh viên .,2,0
"sau mỗi phần lý thuyết thầy đều cho bài tập , bài học trở nên rất dễ hiểu và tạo cơ hội cho sinh viên áp dụng những kiến thức vừa được học .",2,0
cô dạy siêu dễ thương .,2,0
em không hài lòng về cách dạy .,0,0
"đặc biệt là khi kiểm tra nghe cuối kỳ , có thể ví von âm thanh với máy nổ .",0,2
mong thầy càng giảng dạy tốt hơn cho đến sau này !,0,0
thầy dạy khá nhanh và khá khó hiểu .,0,0
"thầy wzjwz318 dễ thương , thân thiện với sinh viên , giảng bài dễ hiểu .",2,0
khả năng truyền đạt tốt và hướng dẫn cụ thể cho sinh viên .,2,0
cô có tâm huyết với nghề .,2,0
thân thiện .,2,0
vấn đề điểm kiểm tra cuối kỳ gây nhiều tranh cãi trong sinh viên .,0,1
"các ví dụ về định nghĩa , giao thức , tổ chức mạng của thầy rất gần gũi và dễ hiểu .",2,0
em hoàn toàn hài lòng về phương pháp giảng dạy của cô .,2,0
điểm danh đủ các buổi để tạo công bằng cho sinh viên .,2,1
"thầy giáo giảng dạy vui vẻ , áp dụng thực tế .",2,0
thầy wzjwz63 đưa ra những đề tài rất hay .,2,0
giờ thực hành được tăng cường nhiều hơn nữa .,0,1
thầy rất đẹp trai colonsmile .,2,0
thầy dạy rất nhiệt tình và tận tâm chỉ bảo sinh viên .,2,0
"thầy dạy cũng được , có kể vài câu chuyện về kỹ năng sống .",2,0
"giảng viên nhiệt tình , giảng giải lý thuyết rõ ràng .",2,0
thầy wzjwz83 cần nâng cao sự am hiểu về môn học để phục vụ giảng dạy .,0,0
"cho nghiên cứu nhiều đề tài khoa học hay , bổ ích .",2,0
giáo viên dạy rất tốt !,2,0
thực hành hình thức 2 giảng viên cần sử dụng thời gian của môn học có hiệu quả và ý nghĩa với học viên .,0,1
cách này không phù hợp với môn học .,0,1
hài lòng nhất là đúng giờ .,2,0
phát âm tốt và sữa sai khi sinh viên phát âm hoặc viết sai ngữ pháp .,0,0
nên dạy thực tế hơn một chút và máy chiếu nên rõ hơn .,0,2
có sự thay đổi giảng viên trong quá trình học làm sinh viên không thích ứng kịp trong quá trình báo cáo làm các bài báo cáo trong thời gian đó nộp không đúng hạn bị trừ điểm .,0,0
"đọc slide xong cũng hết giờ và coi như kiến thức đó đã được "" nạp "" .",0,1
một số giảng viên khác nên có một số điều giống như cô .,2,0
"giảng viên thường xuyên không đến lớp mà không thông báo nghỉ học , ảnh hưởng đến hoạt động học tập của sinh viên , vì vậy nhà trường nên nhắc nhở giảng viên về vấn đề này .",0,0
"hướng dẫn tận tiện cho sinh viên về nghề nghiệp tương lai , truyền đạt tốt .",2,0
"giảng viên nhiệt tình , có các hoạt động mang tính làm việc nhóm rất cao .",2,0
"cô giảng nhiệt tình , không gây cảm giác áp lực hay cảm giác chán !",2,0
tụi em cũng là người đóng học phí mà .,0,3
làm nhiều bài tập .,0,1
áp dụng .,1,1
đồ án quá khó so với sức của sinh viên .,0,1
"quá trình giảng dạy luôn lấy ví dụ từ thực tiễn , hài hước tạo nên hứng thú cho sinh viên !",2,0
lớp này không phải wzjwz124 hướng dẫn thực hành .,0,3
"cô dạy dễ hiểu , tận tình .",2,0
môn này là môn em đi học nhiều nhất .,2,3
cô dạy còn hơi nhanh nhưng tụi em vẫn hiểu .,1,0
cách diễn đạt của thầy hay nhưng chưa tạo cảm giác hứng thứ với người nghe .,0,0
thực ra em hiểu không nhiều thầy quá đi sâu vào lý thuyết .,0,0
"điều quan trọng là rất chật mà lớp thì đông , làm thầy phải chia ca và có bạn phải làm bài tập ngoài hành lang sau đó mới vào nộp .",0,2
"không ít bộ phận giảng viên dạy không đúng giờ , hoặc nghỉ dạy đột suất .",0,0
chương trình học quá nhiều và nhiều phần không cần thiết .,0,1
liên hệ thực tế đến các môn lập trình .,0,1
"em cảm giác như môn vừa học là "" nhập môn lisp và prolog "" .",0,1
giảng viên chưa phân chia nhóm thực hành hợp lý .,0,0
cho điểm thấp .,0,0
có cung cấp kiến thức liên quan nhiều hơn so với khi học lý thuyết .,2,0
"giảng viên nhiệt tình , phương pháp dạy khá hay .",2,0
bài tập còn khó so với lớp yếu tiếng anh .,0,1
"đi dạy đúng giờ , dễ hiểu .",2,0
cô dạy nhiệt tình hay liên hệ thêm thực tiễn .,2,0
em chỉ có ý kiến là các trang thiết bị trong các phòng học anh văn như vậy là chưa đảm bảo .,0,2
"tháng học 4 ngày , nghỉ 3 ngày , bù thì trùng lịch 1 lúc 3 môn bắt buộc nghỉ rớt môn .",0,3
nên bổ sung phần lập trình socket ạ !,0,1
đảm bảo thời gian .,1,0
"thầy dạy rất có tâm , dễ hiểu .",2,0
cho làm bài kiểm tra thử trước khi thi .,2,1
thầy hiền .,2,0
từ đó bọn em khó mà có được nhiều kiến thức về môn học này .,0,3
cho cực kỳ nhiều bài và cực kỳ khó luôn .,0,0
không quan tâm đến học sinh .,0,0
"giáo viên dạy rất dễ tiếp thu , ngoài ra còn bổ sung kiến thức kiến anh .",2,0
môn này nếu được thực hành nhiều sẽ đảm bảo chất lượng hơn các bạn sinh viên tự tìm tòi cũng được nhưng sẽ tốt hơn nếu có người hướng dẫn .,0,1
"giảng viên dạy rất tốt , nhiệt tình , khả năng sư phạm cao .",2,0
giảng viên đi trễ nhiều lần .,0,0
"khả năng truyền đạt tốt , hay .",2,0
"giảng viên giảng bài dễ hiểu , vui tính , nhiệt tình .",2,0
đây liệu có phải là chuyên môn nghề nghiệp của ngành công nghệ thông tin chúng ta .,0,3
mọi thứ thầy dạy rất mơ hồ .,0,0
"giảng viên rất nhiệt tình , giảng dạy tốt , dễ hiểu .",2,0
thầy luôn quan tâm đến các khó khăn mà sinh viên gặp phải và giúp đỡ sinh viên giải quyết tận tâm và nhiệt tình .,2,0
"giáo viên vui tính , nhiệt tình .",2,0
"giáo viên đến rất sớm , dạy nhiệt tình .",2,0
"cô nhiệt tình , đáng yêu , cân nhắc học trò khi học trò còn thiếu hụt kỹ năng làm việc , cô còn dành thời gian nghỉ trưa để cho nhóm làm báo cáo bù .",2,0
giảng viên nên tập trung vào các phần kỹ năng của sinh viên .,0,0
"những bài lab cuối thầy cũng dễ tính hơn , sử dụng thời gian trên lớp hợp lý hơn .",2,0
giúp cho sinh viên trao dồi thêm rất nhiều kỹ năng đặc biệt là kỹ năng làm việc nhóm .,2,3
"cô dạy nhiệt tình , trả lời đầy đủ các câu hỏi .",2,0
thầy điểm danh nhiều quá ạ colonsmile .,0,0
"môn học nên có hình thức và báo cáo khác nhẹ hơn , vì đây là môn nhập môn .",0,1
"thầy nóng tính , đối với sinh viên có thể lâu lâu đùa giỡn ( chấp nhận được ) để thoải mái dễ tiếp thu bài học những thầy không cho phép điều đó .",2,0
đảm bảo giờ giấc .,2,0
"tận tình , giảng bài dễ hiểu .",2,0
thầy giảng bài rất nhiệt tình và quan tâm đến sinh viên .,2,0
cô nên cập nhật lại kiến thức mới nhất trong slide bài giảng .,0,0
thầy giảng dạy rất nhiệt tình và cách giảng dạy rất dễ hiểu .,2,0
"thầy rất nhiệt tình , hòa đồng với sinh viên .",2,0
đã hoàn hảo .,2,3
cần thầy công bố điểm các bài kiểm tra sớm hơn nữa .,0,0
giáo viên truyền đạt kiến thức tốt .,2,0
cần những giờ học sôi động hơn không học thuật quá nhiều .,0,1
không có ạ !,1,3
quan tâm tận tình đến sinh viên .,2,0
"thầy dạy tốt , dễ hiểu .",2,0
đề làm thực hành thực sự chỉ dễ cho giảng viên .,0,1
"thầy trẻ , phong cách giảng dạy có phần cởi mở hơn .",2,0
em xin cảm ơn những buổi học quý báu của thầy .,2,0
"phần giảng về phần lý thuyết rất kỹ , bài tập cũng hay .",2,0
"dạy tốt , truyền đạt hay .",2,0
cần giảm tải số lượng bài học trong mỗi tiết học .,0,1
sử dụng thời gian học không hiệu quả .,0,0
thầy dạy hay vui và ví dụ chi tiết .,2,0
dạy cực kỳ đúng giờ !,2,0
"chấm điểm đồ án không thực sự tỉ mỉ , chưa có tính chính xác đối với những trường hợp không hề hiểu code mà vẫn có điểm .",0,0
"thưa , em rất hài lòng về các buổi học và sự hài hước của thầy .",2,0
nhiệt tình giảng dạy truyền đạt kiến thức .,2,0
"giảng viên dạy nhiệt tình , tận tâm .",2,0
"có thể cho nhiều bài tập , và có giờ sửa chữa bài tập trên lớp riêng .",0,1
hẹn gặp lại cô sau 2 học kỳ nữa .,2,0
giảng viên truyền đạt dài dòng .,0,0
hi vọng giảng viên đưa ra những ví dụ cụ thể để sinh viên nắm được những điều cơ bản trước khi giải bài tập .,0,0
giáo viên phân bố thời gian dạy không rõ ràng .,0,0
thầy ít cho bài tập .,0,0
cần nhắc lại kiến thức cơ bản trước khi bước vào bài giảng mới .,0,0
"tận tâm , đi đúng giờ , dạy dễ hiểu .",2,0
"giảng viên vui vẻ , nhiệt tình , dạy dễ hiểu .",2,0
thầy không post bài giảng lên website môn học .,0,0
thời gian giải bài tập với sinh viên chưa nhiều .,0,1
"giảng viên tận tâm , nhiệt tình , vui vẻ , giảng hay , lôi cuốn .",2,0
"giảng viên dạy nhanh , đôi khi không bắt kịp bài .",0,0
"thầy dạy quá nhanh , dồn kiến thức quá nhiều , phương pháp giảng chưa hợp lý .",0,0
giảng viên cần nhiệt tình và tích cực hơn nữa trong khi truyền đạt tới sinh viên .,0,0
"giọng cô dễ nghe , giảng bài dễ hiểu .",2,0
cô rất vui vẻ khi dạy trên lớp .,2,0
tạo động cơ học tập lâu dài .,2,0
"cần thêm nhiều thông tin , tài liệu về môn học .",0,1
giảng viên nhiệt tình giúp đỡ sinh viên học tập .,2,0
có nhiều ví dụ hay .,2,1
thầy nên cho phân nhóm làm bài tập về nhà .,0,0
"đề thi quá chú trọng vào từ vựng , ngữ pháp .",0,1
thầy có đăng bài tập lên hệ thống môn học .,2,0
"cô rất chu chu đáo , tận tình , giảng bài hay , truyền đạt được mọi kiến thức .",2,0
"cô hiền , quan tâm nhiều đến lớp .",2,0
cần đa dạng hóa bài tập hơn .,0,1
nhưng bài tập hơi khó .,0,0
"giáo viên của lớp thường xuyên thay đổi , không đồng nhất , nhiều hôm nghỉ học không thông báo trước .",0,0
biết về các công cụ quản lý cấu hình và quản lý dự án theo agile .,1,3
phần thực hành ít có liên quan đến phần lý thuyết .,0,1
"cô dạy chưa tập trung dạy thực hành cho sinh viên , không giảng giải nội dung thực hành .",0,0
mong thầy có thể hướng dẫn thêm khi làm project .,0,0
"thầy giảng bài rất kỹ , sát vào vấn đề và dễ hiểu .",2,0
không có sự đồng bộ giữa giảng viên thực hành và giảng viên lý thuyết .,0,1
chưa gây được hứng thú trong quá trình học .,0,1
slide cô chuẩn bị rất hay lý thuyết rất chi tiết .,2,1
cô hay yêu cầu học sinh phải làm bài tập đầy đủ .,2,0
giáo viện rất nhiệt tình với sinh viên .,2,0
phòng học khác phải có màn che .,0,2
tận tình với học sinh !,2,0
không sửa bài chi tiết vì nghĩ nó dễ so với học sinh .,0,0
hoặc không phân nhóm nhưng vẫn nên cho đề tài để sinh viên tìm hiểu .,0,1
cô giảng dạy tận tâm và cho nhiều bài tập và lời giải chi tiết .,2,0
không có đủ ổ cắm điện sử dụng .,0,2
"thầy dạy tận tâm , nhiệt tình , vui vẻ , thân thiện với sinh viên .",2,0
giảng viên nên cho sinh viên làm bài tập nhiều lên .,0,0
có thể chưa phù hợp nhưng ý kiến cá nhân của em là doubledot nên thực hành theo phương thức 2 để có thể ứng dụng các lý thuyết được học trên lớp lên các thiết bị thật .,0,1
"vote cô , cô dạy hay , cho điểm cao .",2,0
rất hiểu tâm lý các bạn sinh viên ngoài ra còn có những giờ học thật sự thú vị .,2,0
"cô là một giảng viên vô cùng tâm huyết , tận tâm và thương sinh viên .",2,0
thường xuyên nghỉ không thông báo trước và đi trễ .,0,0
"dạy kỹ , dạy nhiệt tình .",2,0
"phòng máy chất lượng còn thấp , cấu hình yếu và bị nhiễm virus , một số kit không nhận driver hoặc bị hư , thiếu kit và phòng thực hành còn nhỏ .",0,2
lớp trưởng quản lý 19 - 20 nhóm trong lớp đòi hỏi lớp trưởng phải có kiến thức tốt và trách nhiệm .,0,1
"thầy dạy hay , kiến thức dồi dào .",2,0
"bài tập thực hành đa đạng , dễ hiểu .",2,1
thầy đến lớp rất đúng giờ và cho sinh viên ra về cũng rất hợp lý .,2,0
nhiệt tình chỉ dạy cho sinh viên .,2,0
cho thi giữa kỳ .,1,1
tuần sau khi sinh viên ý kiến lên phòng công tác sinh viên mới có giảng viên khác đến thay thế .,0,0
phục vụ ở mảng nào cho công việc sau này !,1,3
giảng viên cho làm nhiều bài tập liên quan đến bài học .,2,0
"sự tận tâm của thầy , các ví dụ đơn giản , dễ hiểu .",2,0
"cô dạy rất nhiệt tình , rất hài lòng về cô .",2,0
tôi không có ý kiến .,1,3
dạy một lúc quá nhiều bài .,0,0
kỹ năng tự học được thầy đưa lên tối đa .,2,0
"thầy dạy dễ hiểu , tận tâm .",2,0
thầy trình bày ví dụ và câu chuyện thực tế .,2,0
"nhiệt tình , phương thức truyền đạt dễ hiểu .",2,0
nên thay hình thức này bằng hình thức khác .,0,1
cô rất tốt .,2,1
"giảm tải bớt lý thuyết và nên đưa các ví dụ thực tiễn vào nội dung giảng dạy giúp sinh viên định hướng được nội dung , mục đích và cách áp dụng môn học vào nghề nghiệp sau khi ra trường .",0,1
"thầy dạy nhiệt tình , cung cấp nhiều kiến thức dễ hiểu , thầy dạy dễ hiểu , sôi nổi .",2,0
cuối cùng chúc cô wzjwz2 có năm mới hạnh phúc !,2,3
thầy dạy hay và quá dễ hiểu .,2,0
"cách giảng dạy dễ hiểu , nội dụng phù hợp thực tại .",2,0
"có các ví dụ bài tập hay , hiệu quả .",2,1
thang điểm kiểm tra bài thực hành dễ gây ức chế .,2,1
thầy dạy hay nhiệt tình phương pháp tiếp cận kiến thức tốt .,2,0
mong thầy sắp xếp giữa việc giảng dạy và công việc cá nhân .,0,0
chuyện gì dễ thì cô dễ mà chuyện gì khó thì cô khó .,2,0
tăng cường thời lượng giải bài tập .,0,1
em thấy cô dạy nhiệt tình .,2,0
giáo viên nhiệt tình tận tâm .,2,0
không thông báo cho sinh viên về việc nghỉ học .,0,0
"thầy dạy rất dễ hiểu , ví dụ minh họa rất thực tế .",2,0
trời nóng quá học không hứng khởi .,0,3
"nhiệt tình , cố gắng giúp sinh viên hiểu bài .",2,0
"tận tâm , truyền đạt tốt .",2,0
giảng dạy kết hợp bài tập rất hay và rất dễ nhớ bài vừa mới được dạy !,2,0
2 tuần 1 buổi 5 tiết theo cá nhân em là chưa hợp lý !,0,1
"rất nhiệt tình chỉ bảo , hướng dẫn sinh viên .",2,0
"đúng giờ , nhiệt tình , quan tâm đến học sinh .",2,0
"cô vui tính , dạy dễ hiểu .",2,0
cần liên kết giữa lý thuyết và thực hành .,0,1
không tạo được cảm hứng cho sinh viên .,0,0
"không cảm thấy tiếp thu được kiến thức , đa phần phải tự học tự tìm kiếm kiến thức .",0,1
"sử dụng hình thức điểm danh không cần thiết , trong khi các lớp khác đều rất tự do , không có hình thức điểm danh .",0,0
cần có giáo trình và đề cương chi tiết .,0,1
giảng vỉên tận tình .,2,0
tôi rất thích .,2,3
"giảng viên dạy rất dài dòng , lê thê mặc dù chẳng cần kéo dài đến thế .",0,0
tâm huyết nhiệt tình giảng dạy .,2,0
giảng bài tập kết hợp lý thuyết .,1,0
giảng viên cần đưa lên các diễn đàn nhiều tài liệu môn học hơn .,0,0
bài tập được thầy đưa trên courses .,0,1
gây khó nắm bắt .,0,1
thêm các tiết dạy thực hành .,0,1
"thầy giảng chi tiết , hướng dẫn dễ hiểu .",2,0
thầy dạy rất nhiệt huyết và tận tình .,2,0
"cần trang bị thêm trang thiết bị , cải tiến giáo trình .",0,2
máy tính tệ quá !,0,2
cô nên giảng chậm hơn một chút để dễ hiểu hơn .,0,0
nhìn chung giảng viên cung cấp đủ kiến thức cho sinh viên .,2,0
thêm bài tập logic .,0,1
"thời gian học quá trễ , sinh viên chất lượng cao không về được xe trường vốn là quyền lợi của sinh viên chất lượng cao , sinh viên không kịp thời gian đi học thêm sau thời gian học về đến trung tâm thành phố sau 7h .",0,1
"giảng viên giảng chậm , dễ hiểu .",2,0
giảng dạy rất nhiệt tình .,2,0
"dạy có tâm , nhiệt tình dễ hiểu , quan tâm sinh viên .",2,0
"giảng viên nhiệt tình , tạo nhiều hoạt động cho sinh viên tham gia nhằm nâng cao khả năng ngôn ngữ .",2,0
thầy có dạy và sửa bài tập kỹ càng .,2,0
"có những yêu cầu vượt quá khả năng của sinh viên , yêu cầu cao khiến sinh viên cảm thấy vô cùng áp lực khi học .",0,1
thầy ít khi code mẫu .,0,0
ít bài tập làm thêm cũng như không sửa bài tập giao trên moodle .,0,1
nên nâng cấp phòng lab .,0,2
"giáo viên nhiệt tình , giảng dạy tận tâm .",2,0
"giáo viên tận tâm , có chuyên môn và sẵn sàng giải đáp thắc mắc của sinh viên .",2,0
em không có gì không hài lòng .,1,3
"thầy vui vẻ , dễ chịu .",2,0
"thầy dạy dễ hiểu , dễ tiếp thu , dễ .",2,0
đi sâu vào ứng dụng thực tế .,2,3
"vui vẻ , hoà đồng , tổ chức nhiều hoạt động về môn học .",2,0
"giảng viên cần phải nói rõ hơn , giới thiệu , phân tích , cho ví dụ minh họa .",0,0
môn học nên là tự chọn thay vì bắt buộc .,0,1
giảng viên gần gũi và tận tình với sinh viên .,2,0
giảng viên giảng dạy dễ hiểu .,2,0
quá ít bữa thực hành .,0,1
giảng hơi nhanh nên có một số kiến thức không nắm bắt kịp .,0,0
"giảng viên không cho bài tập , thiếu quan tâm tới sinh viên .",0,0
"lý thuyết tốt , đồ án hay .",2,1
thầy dạy nhiệt tình dễ hiểu và vui vẻ với sinh viên .,2,0
giảm số tiết trong buổi học .,0,1
"truyền đạt không thu hút , chú trọng quá nhiều vào nội dung lý thuyết , không có liên hệ thực tế .",0,0
"giáo viên dạy khó hiểu , sinh viên không tiếp thu được .",0,0
"giảng dạy hơi khó hiểu , chán .",0,0
giảng viên dạy những kiến thức lập trình dễ hiểu và áp dụng nhanh chóng vào bài làm .,2,0
giảng viên truyền đạt dễ hiểu và nhiệt tình .,2,0
"thầy dạy kỹ , có tâm .",2,0
giảng viên cần cho ví dụ nhiều hơn .,0,0
giảng dạy khó tiếp thu .,0,0
thực hành không có tính thực tiễn .,0,1
slide giảng dạy đầy đủ và trực quan .,2,1
"thầy tân tâm , dạy dễ hiểu .",2,0
cô dạy rất hay rất dễ hiểu .,2,0
hoàn toàn không có ý kiến .,1,3
"em nghĩ là "" dục tốc bất đạt "" .",0,3
nên là nếu học thế này thì khi đi học thực hành nếu ngay tuần nghĩ thì em sẽ không được thực hành với nội dung bài đó .,0,1
"cách giảng suông khá nhàm chán , chưa tạo được sự thu hút sinh viên nghe giảng .",0,0
"nên giảm số bài học trong một học kỳ , vì số tiết học không đủ , khiến phải học nhanh , tiếp thu ít .",0,1
điều này tốt cho sinh viên làm quen với quy trình làm việc thực tế .,2,1
"về giờ lên lớp , thường trễ .",0,0
"giảng rất hay , nhiệt tình .",2,0
"seminar xong , thầy dặn doubledot "" mấy em tuần sau kiểm tra phần dfd , về xem lại bài ha , không hiểu thì đọc lại lý thuyết , làm vẫn không được thì hỏi bạn ha , chúng ta kết thúc ở đây ha "" .",0,0
kính mong quý thầy có thể thay đổi .,0,0
vì học là để code mà .,1,1
mô tả bài giảng trên bảng nhìn hơi rối mắt .,0,0
"cần nêu được ý nghĩa cụ thể của từng phần , tránh trừu tượng hóa .",0,0
giảm giờ học .,0,1
một số máy chiếu tại số phòng anh văn hơi mờ .,0,2
cô tạo sự chủ động cho tụi em khi thực hành .,2,0
giảng viên giảng bài ngắn gọn dễ hiểu .,2,0
giảng viên tích cực hỗ trợ sinh viên và giải đáp thắc mắc .,2,0
"thầy dạy rất chi tiết , hướng dẫn bài tập đầy đủ .",2,0
thầy rất hài hước trong khi dạy .,2,0
cần tăng cường phần nghe nói hơn đọc viết .,0,1
anh nhiệt tình giảng dạy .,2,0
nhiều khi thầy băn khoăn rất lâu ở phần mô hình er .,0,0
em nhìn nó giống như ma trận chữ hơn .,1,3
dạy tốt .,2,0
"lớp thường xuyên đổi giáo viên , nhiều buổi học nghỉ không thông báo .",0,0
"thầy dùng quá nhiều thời gian để ghi bài tập trên bảng , em nghĩ thầy nên danh thời gian hướng dẫn bài tập kỹ hơn .",0,0
"giảng viên dễ chịu trong việc học bù , đổi giờ học .",2,0
ủa mà học có một buổi à dot còn tài liệu tự coi .,0,1
"đảm bảo giờ dạy trên lớp đầy đủ , đúng giờ .",2,0
"thầy dạy kỹ , nhiệt tình .",2,0
giảng viên nói tiếng anh hơi khó nghe .,0,0
"thầy dạy dễ hiểu , quan tâm sinh viên .",2,0
làm nhiều bài kiểm tra quá .,0,1
thầy tận tụy với sinh viên .,2,0
bài giảng nên có trình bày chi tiết hơn .,0,1
giới thiệu chuyên sâu về kiến thức cơ sở dữ liệu .,2,0
"giảng viên chuẩn bị bài giảng tốt , công minh trong giảng dạy .",2,0
"giảng dạy nhiệt tình , giúp đỡ sinh viên trong quá trình làm đồ án .",2,0
cô giáo rất thân thiện .,2,0
nhiều lúc em muốn học mà đọc slide của thầy lại khó hiểu lên mạng kiếm thì không thấy .,0,0
nội dung học cũ .,0,1
thầy rất tận tình và thân thiện .,2,0
cô nói hơi nhanh .,0,1
phòng máy đôi khi quá nhiều máy hoạt động không ổn .,0,2
chúng em mong cô cải thiện giọng nói dễ nghe hơn .,0,0
nội dung khó hiểu .,0,1
không thấy lên lớp .,0,0
hài lòng với cách dạy cuả cô .,2,0
giảng viên sử dụng hiệu quả thời gian đến lớp .,2,0
"giảng viên ra bài tập nhiều , nhưng ít hướng dẫn giải .",0,0
thầy giảng phần cuối hơi khó tiếp thu .,0,0
cần cung cấp tài liệu cho sinh viên ngay từ đầu .,0,1
cần tăng cường chất lượng wifi để sinh viên có thể tìm kiếm tài liệu trong quá trình thực hành .,0,2
có nhiều thời gian chết trong giờ học .,0,2
"thầy vui tính , giảng dễ hiểu , áp dụng nhiều ví dụ thực tiễn .",2,0
"không biết ứng dụng , kể cả trên phương diện lý thuyết .",0,3
"giáo viên rất nhiệt tình , tận tâm với sinh viên !",2,0
"giảng viên giảng dạy hay , vui tính .",2,0
"bài giảng dễ hiểu , tận tụy với sinh viên .",2,0
nên có giáo trình song ngữ cả tiếng anh và tiếng việt .,0,1
"giờ giấc , cách giảng dạy .",1,0
nên học sinh rất khó tiếp thu .,0,3
thầy dạy rất hay và đưa nhiều kinh nghiệm cá nhân .,2,0
"thầy nhẹ nhàng , thoải mái , hiền , hướng dẫn thực hành kỹ .",2,0
phòng học cần lắp thêm quạt và màn che để theo dõi bài giảng của giáo viên tốt hơn .,0,2
"giảng viên cố gắng tìm đủ thiết bị , dụng cụ cho sinh viên thực hành .",1,0
cô dạy tốt tính và dễ hiểu !,2,0
truyền cảm hứng môn học .,2,0
"bảo đảm giờ lên lớp , số tiết dạy .",2,0
giảng viên chủ động gợi ý những vấn đề quan trọng cần sinh viên tập trung trong một buổi học .,2,0
"giáo viên tận tâm , nhiệt tình .",2,0
thầy cung cấp kiến thức thực tế nhiều .,2,0
lần đầu trong trường  em gặp một thầy như vậy .,2,0
"hệ thống máy tính quá tệ , thua cả hệ thường trong khi em học chất lượng cao .",0,2
cô dạy hay nhưng nói tiếng miền wzjwz175 em nghe không được .,0,0
phát âm không tốt .,0,0
"thực sự em cảm thấy 90 phút thi giấy với đề thi đó là quá sức , dường như không một ai có thể hoàn thành dù rất nỗ lực .",0,1
giảng viên nên luyện tập khả năng nói lưu loát và dễ hiểu hơn cho sinh viên !,0,0
cô giáo nhiệt tình giảng bài tốt .,2,0
"thầy hướng dẫn cụ thể , chi tiết , dễ hiểu .",2,0
cô rất yêu nghề và thương sinh viên .,2,3
truyền đạt chưa được thu hút .,0,0
dạy dễ hiểu !,2,0
"thầy giáo rất nhiệt tình , cảm ơn thầy trong thời gian vừa qua .",2,0
cô nhiệt tình với sinh viên .,2,0
giảng viên nói dễ nghe .,2,0
"thầy nhiệt tình , vui tính , cách dạy thoải mái , khả năng truyền đạt tốt , quan tâm đến sinh viên .",2,0
chúc cô mẹ tròn con vuông nha !,2,0
cô wzjwz244 nhiệt tình giảng dạy và chú tâm đến tâm lý của sinh viên .,2,0
bài giảng trực quan dễ tiếp thu .,2,1
"học thấy rất phí thời gian , kiến thức thu được chẳng bao nhiêu .",0,3
"thầy giảng dạy hay và nhiệt huyết , luôn có nhiều bài tập sau mỗi chương .",2,0
các bài tập thực hành có lượng bài khá nhiều và tương tự nhau .,0,1
"thầy giáo cung cấp các tài liệu đọc thêm , giải đáp thắc mắc của sinh viên cũng như giảng dạy rất tận tình .",2,0
có nhiều dạng bài tập .,2,0
"nên cung cấp cho sinh viên thêm nhiều tài liệu , cũng như bắt kịp xu thế phát triển của công nghệ để không bị lỗi thời lạc hậu .",0,1
"thầy hay chém gió quá đà , hoc luôn quá giờ trưa khiến sinh viên mệt mỏi .",0,0
thầy dạy rất vui và rất nhiệt tình .,2,0
đề kiểm tra không sát với nội dung bài giảng .,0,0
đó là tại sao .,1,3
gần gũi và giảng dễ hiểu .,2,0
"giảng viên nhiệt tình , vui tính , giảm bớt căng thẳng trong quá trình học .",2,0
"đã gọi là môn học kỹ năng nghề nghiệp , thì nên cập nhật những kỹ năng rõ ràng , mang tính thực tế .",0,1
được giáo viên bổ túc thêm nhiều kiến thức hơn so với giáo trình .,2,0
cô dạy tận tụy với sinh viên nhưng giảng quá nhanh .,0,0
nội dung giáo viên yêu cầu quá lớn và quá khó trong khi kiến thức cung cấp lại quá ít .,0,0
"giảng viên giảng dạy lôi cuốn , nhiệt tình .",2,0
em mong thầy cũng như các giảng viên khác bàn bạc xem xét lại vấn đề về việc điểm danh đối với môi trường đại học .,0,0
lạm dụng giáo trình tiếng anh gây khó khăn cho quá trình tiếp cận kiến thức .,0,0
"tuy nhiên , mọi chuyện như lời nói đã không xảy ra !",0,3
có hướng dẫn định hướng nghề nghiệp bổ ích .,2,0
"thầy dạy hay , nhiệt tình và dễ hiểu .",2,0
"giáo viên dễ , nói chuyện vui .",2,0
"thầy trung rất nhiệt tình trong giảng dạy và luôn bám sát nội dung học tập , thường xuyên có bài tập và vận dụng .",2,0
thầy dạy kỹ .,2,0
"thầy rất tận tâm , vui vẻ .",2,0
cách trao đổi của thầy qua facebook rất nhanh chóng và gần gũi .,2,0
em hài lòng nhất là thái độ giảng dạy của thầy rất nhiệt tình .,2,0
có vẻ như đó là thói quen của thầy ạ .,1,0
"đúng giờ , tận tâm .",2,3
"lớp học sạch sẽ , thoáng mát .",2,2
"giảng viên thân thiện , nhiệt tình với sinh viên .",2,0
"phương pháp dạy hơi nhanh , có thể một số người chưa bắt kịp .",0,0
"cô nhiệt tình , cung cấp nhiều bài tập hay và bổ ích .",2,0
"giảng viên cung cấp nhiều kiến thức bổ ích cho sinh viên , luôn luôn đảm bảo giờ lên lớp , cho bài tập để sinh viên luyện tập nhiều và sửa bài cho sinh viên .",2,0
giáo viên .,1,0
"thưa , em thực sự chưa thực sự hài lòng về tốc độ bài giảng cũng như việc đưa ra những câu hỏi khó của thầy , em luôn mong có sự gợi ý từ thầy trong những câu hỏi với mục tiêu hiểu sâu bài học .",0,0
thầy hạn chế nói xưng hô mày trong lớp .,0,0
"nên xắp xếp lịch báo cáo , thuyết trình một cách cụ thể , giúp cho sinh viên chủ động được thời gian cũng như nắm bắt được kiến thức cụ thể của từng buổi .",0,0
thầy nên dạy nhiều ví dụ hơn .,0,0
em đã biết được cấu trúc dữ liệu là gì .,2,1
bài giảng theo version mới nên được cung cấp trước khi bắt đầu buổi học để sinh viên có thể nắm được thông tin mình cần xem trước cho buổi học .,0,1
thầy đôi khi bỏ tiết không báo trước .,0,1
trình độ đề thi không phù hợp với kiến thức trong lớp .,0,0
"giảng viên nhiệt tình , tận tâm , hòa đồng , giảng hay và hấp dẫn .",2,0
mong phòng thiết bị chuẩn bị tốt hơn .,0,2
trong quá trình giảng dạy có kèm theo các phương pháp học tập .,2,1
"thầy dạy nhiệt tình , luôn vui vẻ .",2,0
không kích thích sự phát triển trong lập trình .,0,1
tốc độ giảng bài vừa phải để em có thể dễ dàng theo kịp .,2,0
"bên cạnh vấn đề phát âm lỗi , còn là vấn để truyền đạt , thật sự nó rất chán và buồn ngủ , lượng sinh viên đăng ký thì lớn hơn 50 bạn , mà thực trạng đi học thì chỉ khoảng 20 - 25 bạn !",0,1
"cô quá nhiệt tình , thầy cô dạy mà đáng thương quá !",2,0
giúp đỡ tận tình !,2,0
"thầy dạy rất tận tâm , dễ hiểu .",2,0
cơ sở vật chất cần được cải thiện .,0,2
"thái độ dạy hời hợt , những buổi giảng viên "" không kẹt xe "" thì sẽ cho lớp nghỉ sớm để giảng viên "" đi họp "" .",0,0
"thầy tiếp nhận lớp quá trễ , thậm chí sau 3 tuần thầy vẫn chưa liên lạc với lớp .",0,0
"thầy cho nhiều bài tập hay và giảng nhiều điều rất cần thiết cho sinh viên , kiến thức của thầy khá sâu rộng nên đưa ra nhiều điều khá hóc búa cho sinh viên .",2,0
chưa phổ biến rõ cách thức nộp bài thi .,0,0
thầy hay đi trễ vài buổi đầu .,0,0
em có ý kiến là nên hoàn thành các bài tập thực hành trước khi kỳ thi bắt đầu .,0,1
"thông báo học thực hành quá đột ngột , hôm nay thông báo mai học , sinh viên cũng có những công việc riêng chứ .",0,1
quá nhàm chán và lớp chỉ đi học có 8 - 12 người .,0,1
"rất tốt , không có gì để chê .",2,0
"thân thiện , cởi mở , nhiệt tâm .",2,0
mong trường sớm có giải pháp khắc phục .,0,1
thầy nhiệt tình hướng dẫn cách dạy hợp dễ hiểu .,2,0
truyền đạt đúng những mục đích của các buổi học .,2,0
"thầy cung cấp cho chúng em những kiến thức thực tế , những kinh nghiệm mà thầy có được .",2,0
cô rất có trách nhiệm với sinh viên .,2,0
"dạy tốt , vui tính .",2,0
dạy quá tiết học .,2,1
giảng viên cần quan tâm đến sinh viên nhiều hơn .,2,0
cám ơn ạ .,2,3
"bài nào không hiểu hỏi thầy , thầy nhiệt tình giảng lại đến khi bọn em hiểu thì thôi .",2,0
"silde bài giảng tốt , giảng hay .",2,1
"thầy chỉ bảo rất nhiệt tình , tận tâm , nghiêm túc nhưng thoải mái , vui vẻ , em rất thích !",2,0
"toàn bộ các sinh viên đều phải tự mang laptop lên phòng thực hành học , tuy nhiên mạng để đáp ứng cho nhu cầu sử dụng nhiều laptop trong phòng thực hành lại không có .",0,2
chưa khai thác tốt hệ thống website môn học trong hỗ trợ sinh viên .,0,1
"cô dạy dễ hiểu , nhiệt tình , vui vẻ .",2,0
"giảng viên có trình bày một số vấn đề thực tiễn hữu ích , khích lệ những sinh viên tích cực , phong cách giảng dạy thân thiện tuy có phần lãnh đạm , dễ gây buồn ngủ .",2,0
thầy nên up các tài liệu và slide lên moodle rõ ràng hơn .,0,0
cảm ơn cô nhiều .,2,0
cần liên hệ thực tiễn nhiều hơn .,0,1
thầy cho bài tập quá ít .,0,0
"máy chiếu của phòng bị mờ , nên sửa lại .",0,2
thường cho bài tập về nhà và nộp qua website môn học .,0,0
cần hướng dẫn tụi em nhiều hơn .,0,0
cần có tài liệu học nhiều hơn .,0,1
áp dụng vào thực tế nhiều hơn .,0,3
giảng viên dễ thương và tạo được sự vui vẻ cho lớp học .,2,0
"lý thuyết chậm rất nhiều so với thực hành , do đó nhiều khi chúng em phải làm bài tập thực hành mà chưa học qua lý thuyết .",0,1
cho em xin ít con chip nfc .,1,3
nên có nhiều ví dụ hơn và trình bày nhiều hơn .,0,1
nên có bài tập nhiều hơn !,0,1
"nâng cao chất lượng âm thanh và các trang thiết bị cần thiết doubledot loa , micro .",0,2
"quá lý thuyết , hy vọng môn học sẽ tập trung hơn vào những kiến thức thực tiễn hơn .",0,1
"thầy nên dạy bằng tiếng anh hoàn toàn trong môn này , lúc thì thầy dạy bằng tiếng anh , lúc thì bằng tiếng việt , thầy lại dùng tiếng việt nhiều hơn nên sinh viên rất khó nắm bắt .",0,0
"giảng viên thường xuyên đến lớp trễ quá 30 phút , giảng viên cho sinh viên thuyết trình và không theo dõi được phần thông tin này .",0,0
thầy dạy hay nhưng mà dữ quá nên sinh viên hơi sợ .,0,0
"nên cho sinh viên biết bài tập thực trước khi đến lớp để sinh viên nghiên cứu , thật sự rất khó hiểu về các bài lab thực hành .",0,1
đưa ra ví dụ nhiều hơn ngoài slide .,0,0
sinh viên khó tiếp thu được hết tất cả .,0,1
"lúc dạy thì sơ sài , không dạy đủ bài học cần thiết .",0,0
em biết là thầy có trình độ cao nhưng khả năng giảng dạy của thầy thì dotdotdot .,0,0
"bài tập nhiều để vận dụng , tăng thêm giờ học .",2,1
"thầy nên dạy kỹ hơn và giảng lại chậm , em thấy thầy dạy quá nhanh , em cảm ơn ạ .",0,0
giảng viên lý thuyết và thực hành rất nhiệt tình với sinh viên .,2,0
nên cho bài tập làm thêm .,0,0
do sinh viên đầu tư thời gian và công sức nhiều vào đồ án .,0,3
"tăng cường trải nghiệm thực tế qua doubledot code , mô hình , chu trình phát triển game .",0,1
cái máy chiếu ở giảng đường 3 quá mờ .,0,2
"đối với bài tập giáo viên nên làm ra file pdf rồi gửi cho sinh viên một file đáp án có cách làm chi tiết gần giữa kỳ gửi cho sinh viên một file đề có đáp án , không có cách giải !",0,0
thứ hai là em thấy rằng vai trò của thầy wzjwz51 trong môn wzjwz52 các kỹ thuật trong xử lý ngôn ngữ tự nhiên hơi ít .,0,0
cho thêm bài tập và cập nhật thông tin môn học trên moodle .,0,1
rất tận tâm và đảm bảo thời gian .,2,0
"rất tốt , thời gian môn học trong một tuần phải tăng lên , muốn học nhiều hơn môn này .",2,1
"cô giáo dễ thương , dạy dễ hiểu .",2,0
giảng viên nhiệt tình và truyền đạt tốt .,2,0
môn học khá là khó tiếp cận .,0,1
kiến thức đầy đủ và sử dụng nhiều .,2,1
phần nói nhiều hơn .,0,0
"cải thiện trang thiết bị phòng học doubledot quạt , máy chiếu .",0,2
thầy dạy nhiệt tình và cung cấp cho học sinh nhiều kiến thức mới .,2,0
thầy cho bài tập nhiều quá nhưng thầy không có giải ví dụ .,0,0
cơ sở vật chất của trường nên được đầu tư làm mới và hiện đại hơn .,0,2
cho đồ án môn này để sinh viên nghiên cứu .,1,1
nghỉ dạy rồi còn ý kiến gì nữa hả .,0,3
"thầy hay đi trễ , nghỉ nên thời gian trên lớp rất ít .",0,0
giảng viên lý thuyết và thực hành không thống nhất về phương pháp giảng dạy .,0,0
giảng viên tận tình và có hướng dẫn ôn tập .,2,0
"chúng em đã và đang từng bước vào chuyên ngành , môn nào cũng có đồ án , mà cái nào cũng nặng , cũng yêu cầu cao .",0,1
thầy dạy cung cấp rất nhiều ví dụ thực tế .,2,0
biết hai ngôn ngữ sẽ dễ gây ấn tượng với nhà tuyển dụng hơn là một .,2,1
giảng đường 2 và 3 học vào buổi chiều rất nóng bức .,0,2
có một đóng góp cho bộ môn anh văn trên trường mình mà em thấy nó hữu ích .,2,0
"nên chọn cách nói chuyện gần gũi hơn với sinh viên , khí đó khó cỡ nào sinh viên cũng vui và cùng thầy làm bài , còn làm như khi dạy ở các trường dân lập thì dotdotdot .",0,0
những gì thầy cô cung cấp hầu như trên google đều có .,1,0
nên cho chơi trò chơi về anh văn thật nhiều để có hứng thú nhiều hơn nữa .,0,0
thầy dạy hay nhưng do bận nhiều việc nên thời gian học không đảm bảo .,0,0
giảng dạy có trách nhiệm tuy có nghỉ nhưng có bù đảm bảo đủ lượng kiến thức cho sinh viên .,2,0
"giảng viên nhiệt tình , giảng bài dễ hiểu .",2,0
"do cửa sổ không có rèm cửa nên khi học bằng máy chiếu thì không có hiệu quả cao , hơi mờ , sinh viên khó khăn trong việc nhìn .",0,2
"giảng viên nhiệt tình , tận tâm và quan tâm đến sinh viên .",2,0
nhưng ít nhất cũng giúp sinh viên mô hình hoạt động mạng .,0,0
do chương trình mới dạy bằng tiếng anh nên gây khó khăn cho chúng em trong việc tiếp thu kiến thức .,0,1
bài thực hành khó và nhiều !,0,1
"trang thiết bị như doubledot quạt , micro , máy chiếu , phấn cần được hoàn thiện hơn .",0,2
làm bài tập nhiều hơn trong giờ .,0,0
nghỉ lễ nhiều nhưng chưa có được bù .,0,0
em nghỉ nếu có một trang nào đó cho chúng em đề thi các học kỳ trước để làm thử là biết hổng chổ nào để ôn kịp thời trước khi thi .,0,0
"giảng viên nên bám sát tình hình học tập của lớp , tùy theo thời điểm để có những phương pháp tiếp cận sinh viên hợp lý hơn .",0,0
cần tiếp cận với sinh viên nhiều hơn .,0,0
"giảng viên cần hỗ trợ sinh viên nhiều hơn , hướng dẫn sinh viên về bài tập thực hành .",0,0
"nguyên học kỳ mà gặp mặt giáo viên 1 , 2 lần .",0,0
"cô luôn vui vẻ , giảng dạy tận tâm và nhiệt tình , luôn giúp đỡ sinh viên khi gặp vấn đề khó khăn trong học tập .",2,0
do dạy khác chuẩn coloncontemn .,1,3
cần tài liệu nhiều hơn đọc dễ hiểu hơn .,0,1
"kinh nghiệm truyền đạt rất tệ , khiến sinh viên vô cùng buồn ngủ .",0,0
giảng viên giảng dạy nhiệt tình và tạo sự hứng thú cho sinh viên .,2,0
giáo viên nên cho học sinh đối thoại nhiều hơn !,0,0
thầy cho làm bài tập nhiều với lại làm nhóm giúp cho em có thể nhớ bài tốt và nang cao trình độ làm việc nhóm .,2,0
lượng kiến thức giữa lý thuyết và thực hành còn chưa cân đối .,0,1
nhiều bài giảng hơn .,0,0
thực sự thầy dạy rất tốt nên em không cần gì thêm .,2,0
"rất nhiệt tình giảng dạy , dạy có cảm tình và đem lại cảm hứng , không chán ngán và ngủ trong giờ học .",2,0
"nên cho bài tập thực tế quản lý thời gian cuộc đời , sắp xếp thời gian làm việc , học tập , yêu đương hợp lý .",0,1
"thầy nên đảm bảo giờ lên lớp , không nên nghỉ nhiều quá , dẫn đến xáo trộn lịch học , học bù .",0,0
kiến thức mà thầy truyền đạt .,1,0
"các khoa nên đăng tải đầy đủ các chương trình đào tạo được cập nhật , các môn học liên quan thật cụ thể , đặc biệt chính là đề cương và mục tiêu môn học .",0,1
"giảng viên vui tính , nhiệt tình , tạo sự thoải mái trong lớp học .",2,0
"nhà trường nên trang bị thêm máy chiếu ở phòng thực hành wzjwz135 , và nên cập nhập lên visual 2008 hay 2010 gì đó , vì em thấy một số máy chạy visual 2005 bị lỗi .",0,2
"kiến thức môn học này khá hay , kiến thức nền tảng quan trọng , nhưng nếu áp dụng vào năm 2 thì có lẽ khá nặng với một lượng kiến thức như vậy , hoặc có thể cách dạy chỉ tải được nội dung còn chung chung .",0,1
"đề nghị trang bị thiết bị vật chất tốt hơn doubledot quạt , máy chiếu .",0,2
"giảng viên tâm huyết , dễ thương , truyền đạt dễ hiểu , nhiệt tình .",2,0
"giảng viên nên chủ động chữa một số bài tập , ví dụ , bài tập về nhà .",0,0
"nhiều điều cô dạy hơi nhanh , cô nên cho làm thêm nhiều bài tập nữa .",0,0
"ví dụ nhiều , ôn tập kỹ .",2,1
"giảng viên hay đi trễ , không hướng dẫn dẫn sinh viên về nội dung thực hành cũng không quan sát theo dõi quá trình thực hành của sinh viên , các câu trả lời chưa giải đáp được thắc mắc của sinh viên .",0,0
"thầy không chỉ dạy về mặt kiến thức mà thầy còn cho sinh viên một cái nhìn về cách sống của một con người qua mặt đạo đức , tính nhân bản của con người .",2,0
cô thường xuyên cho bài tập về nhà để áp dụng lý thuyết trên lớp mới được học giúp chúng em hiểu bài và nhớ bài được lâu hơn .,2,0
đầy đủ số tiết .,1,0
thầy dạy hay và ứng dụng thực tế .,2,0
đôi khi do em không học khoa kỹ thuật máy tính nên có một số cái em không hiểu thầy dạy .,0,0
giáo viên giọng khó nghe và hơi nhỏ .,0,0
"kiến thức thực tế cao , hiệu quả hơn cách dạy lý thuyết slide .",2,1
"còn ít bài tập về nhà quá , không rèn luyện nhiều .",0,0
"cô kiên nhẫn với sinh viên , cách tính điểm trực quan .",2,0
kêu sinh viên nếu có thời gian thì đi dự seminar nhưng lại bắt viết bài thu hoạch lấy điểm .,0,3
"nên cho thầy có quyền chấm điểm học sinh , vì một số bạn ỷ lại vì thầy không chấm điểm được bạn ấy nên bạn ấy rất không tôn trọng thầy .",0,0
do nghỉ lễ khá nhiều nên giờ học chưa được đảm bảo .,0,0
hơi áp dụng vào slide nhiều .,0,0
"giáo viên tích cực , năng nổ trong giảng dạy , phương pháp dạy có phần đổi mới .",2,0
giảng viên cho bài tập nhiều và dồn lại cùng một lúc đa số sinh viên đều làm kịp thời gian dù những môn khác có giảm thời gian học lại cũng không làm bài kịp .,0,0
"thân thiện , nhiệt tình , giúp đỡ sinh viên tận tình .",2,0
"thầy không chỉ dạy kiến thức mà còn dạy những kỹ năng như thuyết trình , phản biện , đặt câu hỏi , làm việc nhóm .",2,0
thầy giảng tận tình và cung cấp đầy đủ slide .,2,0
kỹ năng nghe và nói còn ít thực hành .,2,1
thầy hay bận nghỉ và các bạn cũng vậy nên khi học thì lớp lại rất vắng khoảng 1 - 5 người .,0,0
thật sự nếu chịu lên lớp ngoài nghe giảng và ghi nhớ thêm phân tích kết hợp thực tế là sẽ làm tốt các bài thi của thầy .,2,1
"nhiệt tình , tận tâm giảng dạy .",2,0
cho chép bài quá nhiều .,0,1
"giảng dạy nhiệt tình , bài tập nhiều .",2,0
"thầy vui tính , giảng và dạy hay , tận tâm nhiệt tình .",2,0
"giảng viên tận tâm , hỗ trợ nhiệt tình .",2,0
"khả năng truyền thụ tốt , tạo cảm hứng học tập .",2,0
"cho em xin đính chính bài phiếu khảo sát môn đại số tuyến tính của thầy wzjwz190 rất hoàn hảo , thầy rất tận tâm , tận lực với nghề , truyền cho sinh viên tất cả kiến thức mà thầy có , rất nhiệt tình , chu đáo , thảo luận sôi nổi , hồi âm kết quả qua mail rất nhanh , và giúp học sinh hiểu rất rõ về bài giảng , bài đánh giá của em về thầy có chút nhầm lẫn , mong nhà trường chỉnh lại giúp em .",2,0
"phần quản lý thao tác của oracle , giảng viên cung cấp tài liệu quản lý thao tác của sql server .",0,0
chưa chỉ sinh viên cách tìm thêm tài liệu để đọc thêm .,0,0
"kiến thức , khả năng truyền đạt .",1,0
vì giao tiếp thông thường trong lớp học là chưa đủ .,0,1
thầy vui tính và có sửa bài tập đầy đủ .,2,0
thầy nên nhiệt tình chút xíu .,0,0
tài liệu hay và chia sẻ nhiều kinh nghiệm học .,2,1
"cần tương tác với sinh viên nhiều hơn , cần hướng dẫn sinh viên trước khi thực hành .",0,0
"cách truyền đạt , dạy của thầy rất dễ hiểu , dễ nắm bài .",2,0
"nâng cấp máy tính , cho sinh viên thực hành bấm cáp nhiều hơn .",0,2
hay rất chu đáo .,2,3
"thầy dạy hay và rất vui , ngoài các kiến thức môn học .",2,0
bài tập cho nhiều mà giải ít .,0,0
thầy dạy nhiệt tình và rất quan tâm học sinh !,2,0
"trong bài thực hành thì có hướng dẫn làm , đọc cũng có thể làm được .",1,1
"cô giảng dễ hiểu , đơn giản , ngắn gọn và phần ôn tập bài cuối kỳ của cô rất ấn tượng giúp cho học sinh năm bắt được mình học gì .",2,0
giảng lý thuyết nhiều gây nhàm chán và buồn ngủ .,0,0
thầy nghe điện thoại còn nhiều hơn cả giảng bài nữa .,0,0
thầy tận tình và đưa ra những video cụ thể giúp sinh viên hiểu sâu và có tầm nhìn trong tương lai của các ngành công nghệ thông tin .,2,0
giảng viên rất nhiệt tình và có khả năng truyền đạt tuyệt vời .,2,0
cô không chỉ giúp các em hiểu được bài giảng trong đề cương mà còn cô còn giúp các em biết thêm các kiến thức bên ngoài thông qua các câu hỏi fraction thông tin cô đặt ra .,2,0
thầy hiền và dạy tận tình .,2,0
hệ thống tính điểm quá trình chi tiết .,2,0
"trong lúc thực hành , giảng bài hướng dẫn nhiệt tình , kết hợp với bài tập để củng cố kiến thức .",2,0
làm bài tập nhiều .,0,1
một người thầy lớn tuổi trong khoa nhưng thầy rất nhiệt tình trong giảng dạy .,2,0
việc code giấy mất rất nhiều thời gian thay vì phương pháp khác .,0,1
"còn nhiều thứ còn khó hiểu , khó tiếp cận .",0,3
"giảng viên kém nhiệt tình , giảng bài khó hiểu .",0,0
thầy hay thay đổi các chủ đề dẫn tới sinh viên khó có thể hiểu được ý của thầy .,0,0
"giảng viên nhiệt tình , giảng dạy dễ hiểu .",2,0
"giáo viên tận tình , dạy dễ hiểu .",2,0
giảng viên lý thuyết và thực hành nên cùng một người để thống nhất .,0,0
"vậy có thể dễ qua môn hơn , giải bài tập ít quá , em không hiểu colonsad .",0,0
cô đi công tác hơi nhiều .,0,0
"thứ hai , về cách chấm điểm quá trình doubledot về bài easy doubledot giảng viên chỉ nhìn sơ qua bài viết đếm số dòng và nhìn chữ đẹp hay xấu rồi cho điểm , chữ đẹp và nhiều chữ thì điểm cao , và ngược lại .",0,0
rất nhiệt tình đặc biệt giảng dạy rất hiệu quả .,2,0
"giảng viên nhiệt tình , cho lớp thuyết trình nên tăng khả năng giao tiếp .",2,0
giảng viên cho nhiều bài tập để sinh viên làm .,1,0
giọng nói to rõ .,2,0
"nhiệt tình , thoải mái , ôn tập kỹ .",2,0
lịch thi thực hành khá trễ .,0,1
"vui vẻ , hòa đồng và biết lắng nghe ý kiến của sinh viên .",2,0
"đôi lúc , thầy giảng bài hơi khó hiểu .",0,0
"thầy cho ghi bài nhiều quá , cơ mà cũng rất tốt colonsmilesmile .",2,0
ví dụ quá ít .,0,1
mong pđt nếu có thể sắp xếp cho thầy dạy tiếp lớp em những môn thầy có thể dạy được .,0,0
kiến thức nắm được không rộng và bao quát .,2,1
"thầy nên dạy đừng phụ thuộc vào slide , cho thêm nhiều ví dụ để sinh viên cảm thấy hứng thú hơn .",0,0
thầy dạy nhiệt tình và luôn tạo cảm giác thoải mái cho sinh viên khi tiếp thu kiến thức .,2,0
"phương pháp giảng dạy hay , hòa đồng vui tính với sinh viên .",2,0
"phần bài tập , thực hành rất hay và thiết thực nên được mở rộng , đặt trọng tâm nhiều hơn thì môn học chắc chắn sẽ hoàn hảo .",0,1
"giảng viên nhiệt tình , giảng dạy dễ hiểu , luôn tìm cách giúp đỡ sinh viên học tốt .",2,0
bài tập cô cho nhiều nên làm hơi đuối .,0,1
"giọng nói nghe hay , slide đẹp .",2,0
thầy vui tính và dạy rất nhiệt tình .,2,0
tận tình và truyền đạt tốt .,2,0
tiếp xúc với học sinh nhiều hơn .,0,0
"giảng viên dạy tận tình dễ hiểu , đầy đủ kiến thức và hiệu quả trong giảng dạy .",2,0
thầy dạy nhiệt tình và đến lớp đúng giờ .,2,0
"nhiệt tình , tận tâm , truyền đạt những kinh nghiệm quý báu .",2,0
thời gian lên lớp sử dụng tốt .,2,0
cho sinh viên nghỉ và học bù nhiều .,0,0
"vui vẻ , thân thiết với học sinh tạo cảm giác thoải mái .",2,0
trong khi thầy giảng nội dung rất khó hiểu .,0,0
những kiến thức mà thầy mang đến giúp sinh viên có những kiến thức sâu hơn về nhiều mặt !,0,0
"phong cách giảng dạy hay , lôi cuốn .",2,0
"thầy không chỉ dạy kiến thức , thầy còn dạy cho sinh viên về đạo đức .",2,0
"trước giữa kỳ thầy không thân thiện , nhiệt tình .",0,0
"giảng viên tận tâm , giảng dạy nhiệt tình .",2,0
do thời hạn có hạn và sinh viên đi học nên giảng viên chưa quan tâm được hết tất cả sinh viên .,0,1
các buổi thực hành học hơi chán vì tương tác giữa giảng viên với sinh viên quá ít .,0,1
một số bài giảng dễ buồn ngủ .,0,1
"hiền , giảng bài hay , bài tập khá dễ chịu colonsmilesmile .",2,0
"giảng viên nhiệt tình , giảng dạy chi tiết .",2,0
thời gian chết trong tiết học nhiều .,0,1
"ít dự án , bài tập liên quan đến thực tế .",0,1
"tận tậm , nhiệt tình , cuốn hút người học .",2,0
thầy rất nhiệt tình và đưa ra những nguyên tắc học rất hiệu quả .,2,0
em xin chân thành cảm ơn ( xin lỗi vì máy không dùng được unikey ) !,2,3
thầy nhiệt tình và chỉ dẫn chi tiết .,2,0
thầy nhiệt tình chỉ mọi thứ tận nơi .,2,0
"sao cô không hướng dẫn , youtube step-by-step sai vậy là sai thế nào ?",0,0
cô vui tính và giảng dạy rất nhiệt tình .,2,0
"thầy tuy nhỏ người nhưng có giọng nói rất to rõ ràng , có uy lực có khí chất hùng dũng .",2,0
"tận tâm , giảng hay , dễ hiểu .",2,0
cho bài tập nhiều quá không làm hết được .,0,0
quá nhiều hoạt động ngoài giờ .,0,0
cô vui tính và giảng dạy nhiệt tình .,2,0
"cô giáo thân thiện , giảng dạy nhiệt tình dễ hiểu và vui tính .",2,0
giảng viên nhiệt tình và quan tâm kiến thức của sinh viên .,2,0
cô giảng bài hơi nhiều khiến sinh viên học quá nhiều kiến thức dẫn đến rối .,0,0
"việc cho các bạn học nhóm là không hiệu quả , không nói rõ cách tính điểm quá trình .",0,1
"thầy dạy hay , tuy nhiên còn nhiều chỗ chưa thật sự giải đáp hoàn toàn cho sinh viên vì chưa đủ thời gian .",2,0
"với những nội dung sinh viên khó tiếp thu , giảng viên nên giảng chậm hơn để sinh viên có thời gian hiểu bài .",0,0
"riêng em , là một sinh viên kỹ thuật máy tính , em thấy môn này là cần thiết đối với em , tuy nhiên chưa thực sự là một môn học em cần phải đi sâu tìm hiểu , mong thầy về sau có thể hạ mức yêu cầu đầu ra với các bạn khoa khác ít liên quan tới môn học .",0,3
"tận tâm , tài liệu học đầy đủ .",2,0
"ôi thầy cho cái deadline rất phù hợp , cho em cảm thấy thoải mái mà suy nghĩ nộp bài tập .",2,0
giảng viên hay bận họp nên thời gian lên lớp nhiều buổi học bị cắt ngắn .,0,0
thầy nghiêm trong điểm quá trình quá .,0,0
"thầy rất vui vẻ , hỗ trợ tốt với sinh viên .",2,0
nhiều bài thực hành thầy giải hơi nhanh coloncontemn .,0,0
"đầy đủ số buổi , cung cấp tài liệu đầy đủ .",2,0
"kiến thức rộng , vui vẻ , nhiệt tình .",2,0
"nhiệt tình , tận tâm , giải đáp các thắc mắc .",0,0
"giảng viên hay cho nghỉ tiết , lịch học bù đôi khi trùng với giờ học các môn khác nên có chút ảnh hưởng đến việc học .",0,0
thầy hay đi trễ và cho đồ án quá nặng so với sinh viên .,0,0
"nhiệt tình , tận tâm , giải đáp các thắc mắc một cách nhanh chóng và dễ hiểu .",2,0
một số bài cô giảng khó hiểu .,0,0
thầy giảng dễ hiểu nhưng chưa có sự liên kết giữa các bài với nhau .,0,0
cô nhiệt tình và có nhiều hoạt động sinh động trên lớp .,2,0
"nhiệt tình , dạy dễ hiểu và quan tâm đến sinh viên .",2,0
thầy dạy nhiệt tình và truyền cảm hứng cho người học .,2,0
"cách truyền đạt không sinh động , không cô động , không súc tích .",0,0
tận tậm và hòa đồng .,2,0
"nhiệt tình , vui vẻ , quan tâm sinh viên .",2,0
cho bài tập nhiều .,0,0
những buổi nghỉ thầy nên thông báo trước ạ .,0,0
"vui tính , nhiệt tình , đảm bảo giờ giấc , đúng giờ .",2,0
"giảng viên mới , tâm huyết và luôn giúp sinh viên học tập tốt hơn .",2,0
"đúng giờ , dạy dễ hiểu .",2,0
giảng viên ưu tiên nữ sinh hơn nam sinh nhiều .,0,0
"giáo viên nhiệt tình , giảng dạy dễ hiểu .",2,0
thời gian chưa đảm bảo .,0,1
"giảng viên nhiệt tình , dạy dễ hiểu .",2,0
thầy dạy hay và bổ sung cho chúng em nhiều kiến thức khá hay .,2,0
"trong lớp cô ít giao tiếp bằng tiếng anh , nói tiếng việt là nhiều , không nâng cao khả năng nghe của sinh viên .",0,0
thầy vui tính và dạy nhiệt tình .,2,0
"đúng giờ , đẩy đủ kiến thức , hướng dẫn bài tập dễ hiểu .",2,0
"bài giảng dễ hiểu , cô dạy nhiệt tình , dễ thương .",2,0
"giảng viên giảng dạy tận tình , áp dụng bài học vào thực tế .",2,0
thầy giảng dễ hiểu và rất kỹ .,2,0
cho bài tập để sinh viên củng cố kiến thức .,2,0
"đúng giờ , sử dụng thời gian hiệu quả .",2,0
nhiều lúc dạy hơi nhanh .,0,0
"đúng giờ , sử dụng giờ hiệu quả .",2,0
"giảng viên đảm bảo giờ lên lớp , tận tâm .",2,0
"thầy giảng dễ hiểu , nhiệt tình .",2,0
cô dạy thâm giờ quá .,0,0
"chỉ một câu "" giấc mơ thành đại gia "" .",2,3
"giáo viên vui tính , dạy dễ hiểu .",2,0
"trên lớp khó hiểu bài , về nhà tài liệu khó hiểu , bài tập không làm được thì tiết hôm sau thầy có kêu sinh viên lên làm ai cũng lắc đầu thôi .",0,0
"ví dụ sát với lý thuyết , tận tâm .",2,0
thầy dạy nhiệt tình và lên lớp đúng giờ .,2,0
"tận tình , giảng hay !",2,0
giảng viên đưa ra nhiều ví dụ cụ thể .,2,0
"em thấy việc thầy dời deadline nó không phù hợp và công bằng lắm đối với các bạn đã hoàn thành trước , có thể vì bài tập khó , nhưng nếu như vậy các nhóm đó cần bị trừ điểm nặng vì hoàn thành bài mà chậm deadline là một việc không thể chấp nhận được .",0,0
"nhiệt tình , giảng bài dễ hiểu .",2,0
"thầy hay cho nghỉ , nói chung là không nhớ mặt thầy luôn rồi , thời gian thi không hợp lý , thay đổi giáo viên thường xuyên .",0,0
"thân thiện , nhiệt tình , dạy dễ hiểu .",2,0
"giáo viên nhiệt tình , dạy dễ hiểu .",2,0
có lẽ do môn học không hứng thú và kiến thức về kinh tế nên khó tiếp thu .,0,0
"deadline 3 lần sau đó được cho thêm 2 ngày , nhưng đến 23h59 ngày hôm sau đã quá hạn , nếu nộp vào ngày hôm sau nữa sẽ trễ deadline .",0,1
các bài tập ra có mức độ phân hoá và áp dụng đúng kiến thức đã cho .,2,1
thầy dạy vui và truyền đạt nhiều kiến thức về thế giới bên ngoài .,2,0
thầy cho ghi bài nhiều quá .,0,0
"cô vui tính , dễ thương và dạy rất nhiệt tình .",2,0
do em phải phụ việc với gia đình song song với việc học nên thầy cứ đổi giờ liên tục thế thì thời gian biểu của em cũng bị đảo lộn hết ạ .,0,0
"rất hay , rất nhiệt tình , đề nghị tăng lương cho cô .",2,0
"cho nhiều ví dụ , liên hệ thực tế .",2,0
"nhiệt tình , chu đáo , quan tâm sinh viên , chia sẻ nhiều kinh nghiệm quý báu .",2,0
thầy nóng tính và tự tôn cao quá .,0,0
bài giảng và thực hành đa dạng .,2,1
"sự thân thiện và không gây áp lực , không khí buổi học luôn thoải mái để tiếp thu bài .",2,3
giáo viên nhiệt tình và tạo nhiều cơ hội cho học sinh học tập .,2,0
chỉ bài tận tình .,2,0
cô tận tâm và dạy sinh viên tận tình .,2,0
"giảng viên sử dụng giờ hợp lý , tận tình .",2,0
"thầy nên cho bài tập nhiều hơn và deadline ngắn hơn để sinh viên có ý thức làm bài , không nên khoan dung quá sẽ làm sinh viên lười và ỷ lại .",0,0
"nguyên tắc , giờ học vui .",2,0
"vui vẻ , dạy dễ hiểu .",2,0
"chỉ dẫn tận tình , giảng bài dễ hiểu .",2,0
kiến thức ngữ pháp và viết đạt .,2,3
"giáo viên dạy hay , nhiệt tình , vui vẻ hài hước , nhiều kinh nghiệm giảng dạy .",2,0
"cô giáo nhiệt tình , giảng dạy dễ hiểu và tận tâm .",2,0
giảng viên dạy nhiệt tình và biết cách giảng cho sinh viên .,2,0
"giảng viên trẻ trung , năng động , tạo hứng thú học tập cho sinh viên .",2,0
"đến cuối kỳ thì thật sự kiến thức để bọn em đi thi chỉ bằng 1 fraction 10 kiến thức thầy dạy , thậm chí là ít hơn cũng có thể .",0,3
thầy giúp sinh viên tự học khá tốt .,2,0
giảng viên nhiệt tình và đưa ra kiến thức hợp lý .,2,0
"giảng viên vui tính , tạo không khí học tập vui nhộn , tổ chức trò chơi để sinh viên vừa có điểm cộng vừa có tinh thần học tập hăng hái , đỡ nhàm chán .",2,0
"nhiệt tình , tận tụy , giải đáp mọi thắc mắc , cập nhật kiến thức thực tế .",2,0
thầy nhiệt tình và chỉ dạy tận tình cho sinh viên .,2,0
"nhiệt tình , dạy dễ hiểu .",2,0
thầy hay vắng tiết nhờ thầy khác dạy do thầy bận đi họp .,0,0
giảng viên nhiệt tình và truyền đạt dễ hiểu .,2,0
có cái cô cho điểm trừ điểm cũng nương nhẹ .,1,0
"giảng viên dạy dễ hiểu , sát nội dung .",2,0
slide bài giảng đầy đủ và có bài tập về nhà .,2,1
giọng nói khá nhỏ .,0,0
"nhiệt tình , tận tâm và truyền đạt kiến thức tốt .",2,0
"em không ý kiến gì về việc thầy chấm khó hay dễ nhưng nếu chấm khó thì thầy nên quan tâm đầu tư về việc giảng dạy nhiều hơn , tạo nhiều hoạt động hỗ trợ và thúc đẩy sinh viên làm đồ án .",0,0
"trong lúc vấn đáp đồ án trực tiếp với sinh viên , khi có điều gì không hài lòng , giảng viên này sẵn sàng mắng chửi thô tục thậm tệ đối với sinh viên .",0,0
bài thực hành khó so với những kiến thức đã học ở lý thuyết .,0,1
"giảng viên dạy dễ hiểu , dễ hình dung .",2,0
"nhiệt tình , giảng bài dễ hiểu , dễ tiếp thu .",2,0
"nhiệt tình , gần gũi , quan tâm sinh viên , dạy khá dễ hiểu .",2,0
không hiệu quả trong việc giảng .,0,0
"nhiệt tình với sinh viên , giảng dạy dễ hiểu , tận tình giúp đỡ sinh viên .",2,0
"nhiệt tình , tận tâm , gần gũi với sinh viên và luôn đảm bảo giờ giấc sinh hoạt ở lớp .",2,0
"thầy hay đố quá , tụi em không biết được bao nhiêu colonsurprise !",0,0
giảng viên cho nhiều thời gian để thực hành làm bài tập .,2,0
"thầy tận tâm với sinh viên , hay trò chuyện cùng sinh viên .",2,0
ít luyện kỹ năng nói .,0,1
"tinh thần , đáp ứng yêu câu .",2,0
thầy cho code ví dụ rất đầy đủ .,2,0
cơ mà hình thức 2 mà dot căn bản tự học thôi .,0,0
"viết bảng nhiều hơn dùng slide , bàn dưới sẽ khó thấy và tốn thời gian .",0,0
"giáo viên tận tình , giảng dạy dễ hiểu .",2,0
bài tập thầy cho nhiều nhưng hay .,2,1
có thể do đặc thù môn học với cách giảng dạy nên hơi khó hiểu .,0,0
gặp giáo viên cũng chỉ là biết mặt để thầy cô còn chấm điểm đồ án hi hi .,1,0
"cô dễ thương , gần gũi và rất quan tâm đến sinh viên của mình .",2,0
"thời gian học hợp lý , hướng dẫn tận tình , giảng viên nhiệt tình .",2,0
"nói chung là thua , feed môn , ráng qua 5 điểm cho khỏe .",0,3
cô cho bài tập hơi nhiều ( nhưng mà không sao colonsmilesmile ) .,1,0
giảng viên nhiệt tình và có trách nhiệm .,2,0
"thầy dạy hay , tuy nhiên còn nhiều chỗ chưa thật sự giải đáp hoàn toàn cho sinh viên vì chưa đủ thời gian .",0,0
"trong các tiết sửa bài tập , giảng viên nên nhiệt tình và tâm huyết hơn với sinh viên .",0,0
cách truyền đạt kiến thức nên khách quan và mang tính cập nhật .,0,0
"lúc báo cáo đồ án , nhóm nào thầy cũng chặt chém dữ quá , làm rất tốn thời gian .",0,0
chỉ vì môn game mà em học hai lần mà không qua quả thật em rất không hài lòng vì những lý do vô cùng thiếu chuyên nghiệp như thế này .,0,1
em cảm ơn cô nhiều .,2,0
giao bài tập quá nhiều .,0,0
"giáo viên dạy dễ hiểu , nhiệt tình .",2,0
"gói gọn doubledot hay , tận tình , phù hợp với mọi trình độ cũng như nhu cầu môn học .",2,0
